,business_id
0,W3THJEcoHZZKgdJJdiFIWw
1,aFVO6hoFlOCN8pKsmJbWjw
2,7Iuq-HV4iA5InilfGdjMuw
3,2LZtHTbbN5xA3PcPzFsXlQ
4,f_adZ5jM1k9uABuleJmGpw
5,XeX67II3LlNJ49-sg4gDig
6,QXUzUvUp8_sCDzp7f4_ToQ
7,hFm60FnwvZJQXEVeEtUuaw
8,NXsVHhf1WBhjNPCVlT4dEw
9,F1-S8DkAsFIyrkfTl9MmlA
10,wjytooLlvPSyo8kvJ8UfQg
11,u8AHL_4-zkivi7NDv_oApg
12,yQMRUN3WlbZH-Fq__ubvXw
13,hPKGcV4eh-6uoWrQToMIjw
14,L5cQjBQu6qnV_grmvk-drg
15,tAoUsufHhcTRZEBTwmC68g
16,QopG-46G0EIeePT8q-4JtQ
17,8RXIwWR34JunHKd00UU4wA
18,m9D6h0NRuVSQkFpyLZQcpQ
19,tHLEoHBZtjH1G_ONnKwRNg
20,vW_krCghxf4GYPRfkgZ06A
21,NkyjMfpdpYBKIarzVqY6yw
22,FfCUl9Bqt3QrL0xtkPDQXg
23,KqgeyLdYbfsd9veyR6UGtw
24,Nq_BMV7kyx9_C3w0Jip6CA
25,zBG2vQ0A6F5HQkv_aeWfAQ
26,zpsDyx9wh7LYjtBLTpu_-w
27,y8ZHR3cH2Dm15gjwk3P87Q
28,-F1ktE7JM6vpIoF16CAyjQ
29,QPsNlmETw14k-_RqX-RULw
30,pM4RA9OXTsJn7cR9ilsmQA
31,rkk2gLhqB3P5lwaGeBiDqQ
32,AYobEbZ5JZ3WuEQaQnRXvQ
33,NLjG1EDhI2Aa71ZoLFqbQQ
34,Rza-FztnKi8YfcSkn1KxgQ
35,yH9ir4281i2RHsXtfzghvg
36,kRMmce-qdD06nm4ESno_3g
37,8uMP4kv2Je6rM9ZNz0apGw
38,AzCkY5u4WRGyj33XIWK5FA
39,71Jz93r-PIkXpAP9Od_YwA
40,VxbK-VANsEOzqxTh_GzvzQ
41,POabgnQCv-GgefKBD2BZoQ
42,Mpn6AsGRp_3q00Mzjt-pVA
43,r3QvCj1tsgASA90GBU3eVg
44,nqZXFkRTH_vsGvOzRVWI8g
45,u-JyVztsrx2f9sZKm5FvWQ
46,2Yd7GEhU7uqzraztlLpWKQ
47,-rwVxBOV0VNXB12of1N6hg
48,BMrC7D5ApOsxPGY_oqn7-w
49,XbTQWKfOaFmg9Q8p9q3iSQ
50,xFz5u2Tgv1RYmqYZ9kUFFQ
51,KSaSzOVyWSo4Ma0UkBd56A
52,5v2WUEmIPU8jTmOQ9xhcGA
53,VekKmagfcsfq0UOeX_7RPg
54,tw9LsOgI02DYT4L9Sr_quA
55,9mW3X0VkQ61QWlJWWSGs7g
56,e8wCD4XNCcxSeTSrAU6xLA
57,UmOeVhicD3cTepEDC6p4jw
58,tL5_K1Mxy_oddbUEjd-voQ
59,Rphay8MhjPIGMcSVVucB8w
60,WN2QUFWxIiTtUgW-oczrQg
61,jNftD8BQ41UX4AImsXSsjA
62,3JPBGbZ8cUreQqdEZmMqvQ
63,IImme8H_HNUNNbPeTQwT_Q
64,Yly8lmMDbqqznWJxpez2hA
65,01lSqf42wyNaiEmNgIrutg
66,-UwZsTF1q2xaSm4bI_Azqw
67,lSIyCvaWZl-Ex9y3r2nDPg
68,j_Osmk22IY88-f8Bzr3m-g
69,EDEZNi_8fgQnQK7U98pCeA
70,jgUtE_lFxqhMcG4ubWCQLg
71,7jqK8QfIj5PN2HFKgDKBfw
72,RTKYidJ6nmw0chY3K3zh2g
73,MQo3FnweaE37sEDoG7hU5w
74,0FlLe1SZKZqf5Tg9VK1-gQ
75,-Ub3g_uP6XqUtZwy5k8jPg
76,LrQlUZI63FLf6SjiiJbu5A
77,16_M0bA14jGcOE0hLmZK_w
78,kzy5m93T7mbZJe9heq4PUA
79,9lF6-JrS2PvTkw9KVxn3Yg
80,DIlh3Ta7-7tfjKL1apaYHw
81,mV2qIJvhYuHTI0_to25nrQ
82,VErgzjUEsusmil_DR4IYbw
83,5pA0bK3x-8TWzWzbZRUJew
84,nEM1MVODyaZCWOg7Cya4EQ
85,ZRYZBtiRjjYqA8ohMoRn-Q
86,OsupIEGpLkAXW9xIg90Ksg
87,Qey0hC4usZnGb2aP3Q-WpA
88,Z9NI8AJnZULUD_kQBXMKwg
89,4dIzmqGAhFIcuHfI8CySig
90,XyYSroXLSCtQIK0taL9-fw
91,dXPmE2ncXbQTPBVNRODuNw
92,vt-Oa0dmsDU2IYeX-Zg6fw
93,HSYVkG67Juu-G693xz2ViQ
94,uKZL5Rf1vVSabl9BUd_8tg
95,YYXSgf884lPO658lkh5QjQ
96,sdG1cbs043pisfKmxhepnw
97,IpXoy28ZBwwaFdoVasrTJA
98,2wXPLsK6VmbAzxlDhHEedA
99,T2lP9Ayiua9MOQ-h1F_4yA
100,LES5wvNMruP8yGMBbl3NSw
101,HvGG8i4asaJcwJraKrtAuQ
102,uwV0CKF9A5hBjTKLoplphg
103,4VqkjcY6OUJt7atNyv-1xw
104,S-B0LVP2shyyX5Fkhmx30A
105,eGSVt9Mi1a0zuzZdASWsuQ
106,R46yVmH-EBfEqFD8vJI1Gw
107,POTGUAjI5Ag9zRrDNgSVOA
108,p9fC1_RrioeumENbHNJxQA
109,tH-TyKlo4NpmL8p0wguhSw
110,3mBSFFJjmoBbMGQLOAafWA
111,ZeBIKWiVmIEeh893l0PAhA
112,JyDhnweQ7Tv1m337tDbLEQ
113,nOel1jHjp5CW98mPOdt9Yw
114,9O8V7j5otIRfNQ1SZy7vyg
115,YALY5WpYfQxSrBd3x6r8ZQ
116,gOGshF3w0eParpAPLTyDBA
117,buYJZhGLwn0rD-4tS1CGrg
118,JOjshv2L5fPK8M1R4Fm2gg
119,HKQe1IV-mwKqROcu0UE9WQ
120,PMLfbdCLXnDEWQJH2D59DA
121,_KhWxgstswdzKPfghqjoKw
122,dafjd6glKjjjUdZ-mphFrQ
123,y7kvhDT_VfcpcINliAuSBw
124,2ftNAAakpz-8nYLkUnx6xQ
125,jDdvx9jM96Z9NHfH1hPOCg
126,7MR_z-tvbr9Cu81J66OJPw
127,fx4coO0OyW7Qe8vdLnlLiA
128,H_078vQVM4cNA_hZSme5gA
129,eGOmHm6Yrqr2Dt0q-unmqA
130,f9vH4Xm_Kco27qT13HkZ3g
131,hw7_JvMCU8vdJdZ72urABA
132,Z80yjMSExp8s7sSXWk5hRQ
133,attIWW_riwwKP1CRWgdCbg
134,LeLJau4sS28hWgxwaiKrNg
135,igGKppVRUIyuk1osdDSZuQ
136,9u-tq8HAtmT76htKuJbx2g
137,7hYru_joh_85j3CKL7CYxw
138,IO7g05fTkUMHrB3L1TP_EQ
139,FZxkabVtssLntuauN2jMUg
140,YspXC-yvNkG-HS53_eEd5g
141,RhFRNzCcTd48OA2QFDTdBA
142,uCTmAbW8FajeGTzfBm58TQ
143,-wZiBWQZgk-n_QlBjVurgw
144,4ISrDLsDCi-AHOBylcgbAQ
145,NYv46qHWvVeNRvtUrbhZQA
146,CJC4MSCzQVMC6Nzv40BTlA
147,Q5XL0WU3xnr4JkaNXhHUNQ
148,hlfQl1w1zn1mB1WOLpTUSw
149,EId-maGmgxgTztONIsJXKw
150,_cxnSeFM0G5AdvCpJjTb0g
151,fim25PCT0vPQJ5CV2Z4uLQ
152,7MHwjM_AH5fykyduypohsw
153,iVnkhEWxzVvaHEKh5XQYKA
154,Fp2XqJegAk1xJfBNisP94Q
155,3-0GopzawxFcEfRo2rHxdg
156,3KQvBPTm4hGNqFMKwZygXg
157,wqRStmx0XK3lqtldqte3yQ
158,Y_5uCm9VCPnGMnIKJyvGWg
159,IitYJB93bLyYJSjR91V-OQ
160,EKTF9EX1SVhS6hSFe02UoQ
161,2CSmK1LYsYEli5_bmKfF2w
162,q_QwlN8CK_5xtUkSE_8wbA
163,Je9L74ptkxSu60yCmV6Jrg
164,dMHrqTMZaBeM7M3vD3w03w
165,5aG5ng8vFiYplwnN44BwkQ
166,bVzxcFYr95ovU8-ZbGqXXw
167,CDbIgngwhfr6GaeMPrNf3g
168,oXbUEckC6W9dgr_pciLnwA
169,MZLCr_GGsRJJTmkeKOw0Dw
170,hyhOOR7_wTcgdYksAS7g3Q
171,wSfZg_xudYZsWLRrz8cAbQ
172,wdZ2duZwzcsbLQRgWvcQBw
173,5oBjSVmqMbvawqMUVzt5zQ
174,qOOlgwxhgjYPIkHBSA6TfA
175,SOj11p3EuLhOGcFh4NfmLQ
176,16yAOGqd3cF0srbeRfkaow
177,N3lziZWTdzMQopWwVa2rpw
178,XD07ebgIm0JGM44AVg7Ojg
179,3gxGprHLDbnrkCeDMOLZqg
180,Xpa4Uxs9Y-fA0Q1xx3bXTw
181,CqarduQ_CzO-YnYIStPvDg
182,L4fIZUieLwsci3eApWvOEQ
183,0WfKcgXS6fnfkUJ4qLf3dw
184,GMLIZSl24UX4A5q87B34AA
185,-A_uV8mQ4pmewj7N7t5OPA
186,JOVFI504b9UgKOYyFAn3Rw
187,NXkcUzGTO6HX-XvHGjMgfg
188,3HPAoKDhWwgb3NXm4H7NFg
189,JnFEANvH0B6PI7SCuGSxbg
190,rTGBHdz_oblpg5UQB3VY9g
191,_50oWtn7U0FklAk613FVRA
192,XLdbHY5j0KAbiUOkLsqApQ
193,dpJSk5K3gTo42bemPbb6VQ
194,km-sxUVPKrmjsoyK6BYGgA
195,oYAHNbyf91hhFUuFpfOSLQ
196,J_eb0aNNC_WTaS9q5qE20w
197,hlWsEHkZNIIzDbcPYo7yPw
198,rFwcTu4ZMlvYHa1F_-Qikg
199,D9AE4WKccIb_acUbAEKBDg
200,7AH9-OG_1kWppKioHZqZJA
201,2Ud_5V5HCkpdT1ox_fJucQ
202,BMUEZEL9FoW0diGJf70MTw
203,5umhAoolDqO-M3w-VvSQZg
204,kKFhTgBPZ02W6zsVB59Ukg
205,BE1fo0HDM7EceJbAePpxYQ
206,e07oS_e_9d1zLleFzUNHAg
207,kXUkFlyFS7x2RiCBYR45ew
208,VOkUje9gCy1G0B42sYPARA
209,Z_JgDZvr0Insk_fsG9ZNIg
210,4JZ1K4t_Ndifri8GVFswcw
211,vSuRccwnSvTQ4KKfHwpiqQ
212,Pmoeoe5ETAEptSmosYsRzg
213,Tol1dkLb7Z05d-X5QhjjHw
214,38Bdmo0KzZ_9tjL0mq2u8g
215,OrQqyx2QJJ7JUDbodRjTnA
216,HzWw0ozt8Ns-SweQNcfCQA
217,8sycas9p-riGVd06LiXLOA
218,ZCexyTHsxm3ucDFdnYillQ
219,sscAJjY_i2yDahUXu_pS5A
220,stVhT9Aa33tlLWeL0gFRhA
221,B26NWJonsZhAM4kBR9O9Yw
222,MpDaW71BN7hAfAOErXVodw
223,inHvkps5HRzXd-shirsTHg
224,MTuJr7JA33S7C-6EDztAag
225,mI2EMtr-lZYZQlxuyOg4xg
226,3-KVctQzlCTKogvNLGog8Q
227,90SzZsJ4rWqBD5dyVrzpeQ
228,Goufn_bfgUHZlzxT1LHW6Q
229,coeVqKuVIwwPlR0tTIl_Vg
230,A10Q2h7GoKsvl3Z9NV1CzQ
231,U569xa6_Z6GlQaET_Z2rXQ
232,DEEPKm95hlZyTJL0WKAwrA
233,DKT6xzZZamY0m89lPfpnnA
234,KhIidXoCpQgagTJFgS2yeA
235,3Ms_jV2Pp2VFfz8CqZcDjw
236,A9AhNu0mQLjr9CAlrn3gGg
237,Src_MVEcsNPe8vDp4lHkXg
238,4tHDW0O8ZunvT8SVmI69bQ
239,AiHmzAK6ASk7jNf27Eo4cQ
240,dKe3N7pvs5lr0J1uGO45bg
241,VWH8NApJpkp4CsLMmIfYNQ
242,ehC0mPcX_XbXKmMXZjUMxg
243,rMFMQGAVPe8T5tDWH1Fyfw
244,G_E5BkYUsBCZmPWyt_f6VQ
245,EcCzmA_FJDGRgRfhjCOMBQ
246,f1x7p_qiXjpqQUv9NQTuQw
247,ZNb-gsfWpbu20VSvPZ2kKQ
248,euQY_AGz4_AYM8HapezQ6w
249,tUk4U7-ZfVR_HClXt1-tuA
250,MOGlHebIgO9VxHkVSD3mKA
251,bUdQ0yKUFxJxJJ7b_RIung
252,aW5iXzvvnsQ9YOPJPUof3w
253,z0dmqSda51WKcFe7yFpPDw
254,yMSRct8YGEO7bVkSPNjD4w
255,9862JpPpbMcRjGztDWYZyg
256,C4TRU_cvv4FASvh6tCMY2w
257,0avjCQRA5Z2f_AuzXyILSQ
258,WyWjm1KysDRzpA9-pHGnaQ
259,F_1CYuNcOmRjxTnKirVaUg
260,O5g8Mpz7CoyxtvSnty_mmA
261,rTmG-TrKqi4k25InF0kJqQ
262,IcEQ1-pYdL9oPRQs7BakZw
263,QYwnYMzjXESzEjc-yAHC1A
264,qIEHd90miWz7aAddUKjGuw
265,IxE1-n6xZTFBkCkT1E-rvw
266,IxCgVy219bfbRq7xEwODAQ
267,cbhNM4EhWUX07sl9E_yF8w
268,6RVoRilHow-zehz_qVZQCA
269,IUa2l15oFsROPt7amiod2Q
270,xPqe7DBRC7PWmEtMz5CbGQ
271,BKJJEHhZaWPu8oTvvr-QrA
272,yn4m2uR_XvoLRZ8Zpp_hCg
273,2valrZLZWYz62Vd2vgLF_w
274,lFP4fCi6DxAGjneRpGmqFQ
275,3bdePZRBF5zv1LMjmqp7Cg
276,f-dZ6l5_vGh3br960J64zA
277,91-vpXOrnZeHuxgN4xDiWg
278,TVdg1R1AS7bwiVhdjo1k8g
279,qLX9vSGyADm9wVZb9LywLg
280,maSOF9kv167t7J9ugWsMGg
281,GnMdwvUT8o_fwWhukAGGIw
282,GstRM0xDkfp2KKQ2Hmr1tw
283,HWaJi_RfizKKeoDMQKf-Yg
284,t0dFDqmTcQJ87rsXAoV2KQ
285,LfAaHqPnF1cLZ6x3X3t3tQ
286,CjXMqzgucLNyPF49NopgUA
287,oOnlLOvdn6PUnNzI2lsZ3w
288,nN4EZPWX0BLEZVIvT8eyFA
289,vM4mM_ch0KtgMZWN33r8rA
290,WziVfBzE--NxBmpXUnjwbA
291,JpA3Rl0-h9digvhs52BDwA
292,sCWO7Up6mjgbDNE6Wtd0wA
293,X8qhNFttVpHDzWSgM5Zxng
294,M6elCEcy06jQpMFiwNSNvw
295,7gpHmcUwRdxeerBzkfJzWg
296,a6wDXO1P50aeOKd__VDqEg
297,ibneNpIb0Sfma6BWe9b9xA
298,OCmUiw241pE_nqFmjDiicw
299,BSk-BrZGvtRGxy1aFzSMCA
300,WcTu6LJsXa-tfRxAWzbopw
301,7nq3_FM-ydtlcI3pfxqspA
302,IWu9DMqNbRY2j7bwORyPIA
303,93pPl3Ay53hXHK-i129hWg
304,Ucm6_V9o5yWjbknDXbosyQ
305,yMqqf7wYgrOzZWWOAn0n4g
306,_FYQoe7HOV7_RIM_rnDssw
307,u33c-D06N8lcT_9_-ZGI1w
308,At17RQjitKNCtLfn4klKVQ
309,XP4PpW_HcQv-33n-X0NwUQ
310,eYrvWgacUxQ40qgqtvK8KQ
311,XjG9iAtt1dSC_Tkb1mUTLA
312,Lpy2yLyOu8oep28P3wmuKw
313,JP-0dAOvI6tihZ63YfUZ0g
314,D_RvESm_VexDLwAmiL7Csg
315,sODzYk50hByJuupXLW2cYQ
316,msMM-KjV9g5xfPkWdp_xLw
317,-j8QAxujZLMh1GVRuMyF1A
318,h-wQGY-uOMgXe8efKQQboQ
319,t3-oreHfx5CTZRM5jUcT4A
320,6yH7zNYP33DpouvJznIJnQ
321,bYVw4AB5Y7plyqxAJgSi5w
322,9--E4-VSXCWgWF0y1AEskA
323,QVLo-oLz3-fmDINKHQofvQ
324,Pr3LIe9bCTfhk5_hBKMGog
325,0QYuVCPx68s9tT4w1JBCDg
326,qubGE1ESrd-lrVjQsXq5Ag
327,wBJPRDsFjbGV_jutOOwvMQ
328,CMQLq-qSijMZhoEgcZWnRA
329,PHkkv7iq89MHZcranxyx0Q
330,6qhU8s192K0_qM7N3dEEjw
331,w8xIQQzq1B-DuH3aUR1Rtg
332,1S0vJfhkdxiPxzxC9iE9kg
333,yZiV6fBKOuD7vX0NhpNDjQ
334,cys63vbcCNI3C-dy21BIXg
335,zGrkRroJmg9QWKe01mVBdQ
336,u092Mp4R5BrR2B2Q_bHQ_A
337,1wnuHWpdTCH2wa_CRuft_w
338,Qrqi9uBLZA37CWLlzYBfUA
339,iysth1b5pLc_7hqk8tIPFQ
340,FT-BS8oW7NAwzGLbpk4ocQ
341,LA2p38kntiwGgtLJwt4gww
342,KHv95Q_JteB-LMQF4F1Nug
343,fYlIhfxk5Dy5l0tE6y_guQ
344,U-_kbAFFX40DXfxwRBbvKg
345,Bi0O3r9ogXlZbEFXmnY59g
346,igTW_7E-5WJViF72dEVf_w
347,mFxqILBGrcnVNDkprz_wvQ
348,8rDrtiE1TXqr8UgfH9svBw
349,xf5Otlo7NczBWDFoJA8RXg
350,jVnFKYIGozBufMDnBqVfQg
351,8Fsd4yro0ymNLkkX0QyUOw
352,SkCs9hLX50WktyX2A7JMoA
353,Omb-MB47jd6S6oUqGumnww
354,diywfaRoT-wqUnkUF53PTg
355,F8I4nmpQzbNPE9cG7-kfjQ
356,Kf1dKgwFhnqVqpyjMcv03g
357,QOpL8Ni1wZTeQKxkrlfDXg
358,oCatThs5uhSGDgSV2KxxgA
359,bGpd9R-EbNgtOsjGbhx-ig
360,6z7SIoKLSl3kj8iWgTStpg
361,E3OTTnQNtQKs-_Z_fsY-2g
362,TnMJmcHi9m7qFAB2jBnDZA
363,HN_P-QEpETCKpuIH9XFKGw
364,QAFFqQCht7Z3ZmYdNY18og
365,kZ6EYZox-LTTHIePnI2W9A
366,MOKRIGETEKtfx9RjuapKjg
367,SuFx7otHdR-8nLw2sxkY0w
368,IQ8XyKw0hVpqCAe4JQIbTQ
369,rIVY5JedpRSvaMG6E3tiOw
370,cCXs7tsGzs0zy_DsnrC43Q
371,DMUaUKTV3Dmax4OjfwecjA
372,cVXhTMuzAs4-qdMiCb8ysw
373,t714WoGjdRWPvzMMN-a1XA
374,TKXsF72v6V-uQyG72bAGMg
375,lbmc6CVmw2bIYxo8azhyPg
376,wtL_CPTm-H0jfMOrkFoPSw
377,Xbl4TSn3pGhuXUzlJe8KWQ
378,51HrsPJiguk_zflY5n1W5g
379,mMLEfpxUH3jXCWVvprJP8w
380,hBAmMTfGxsYL0L6WYVh3Bg
381,LKC5JBTHlt105vaDeeZinA
382,VMwY9g_Ua2b-gwZ8heGjzA
383,tc_obXJFYvztKFrV4cnzoA
384,9XwQbxUBLzTEzb0sbEqHwQ
385,1h__4qbRjvyVvVwCgbKroA
386,4qeBYf-XW-fTe_b1HL1RdA
387,8NBfD3sHeBJ2cJx7l5bWNw
388,colajtSELCt8awwl129uFg
389,Q3ngHERN9V0R1U0WwyBuPQ
390,a7tpayb23j4Q4C9yUmCuWg
391,kIH0JLW5zFTJrrSchsIb2w
392,qZGqQUvorJbNKfv6AaWhWg
393,jsENu6YLygHA5Z-Vc7Ku2A
394,ArxAsJCSrHL43hCWVyS-Fg
395,QtRb1x7ZaloKcbk09-ZJrg
396,W14JnCeUsYPWYH8jlC7mXg
397,pNCi_Ru7Twi-c_4qsxjtyA
398,fwHDW-SVvQm0Ukozr3Jkrw
399,gqieCffMWjRTRIqdeXcvXQ
400,loMdTaHt7TkZ4mYt88Iphg
401,x02bWSJbx3VLZg6QytDpxQ
402,wJL_KCCKzAod2b-GFete2A
403,XLRanPYQSpnfwF8F2P5Mxw
404,9r5Xh5UqA0mtC3_EOYoQTQ
405,ZhHHFrMlIO_J74TuOyspbQ
406,ykj9Np6WWL-Txw84_eLgIw
407,Q4NNptiJQ8mgxPhj_20zDw
408,TlP7q6YjpIUscKAGEhJIhA
409,NGsfNM7zy5lEl2Lu-318Dw
410,ptHryWHORQa6x1nN2BVWnQ
411,pNozqOyMv4gq7IUYEdhpHA
412,NK1VD0rohDhX9cIdPI57Bg
413,VtwMVVgeAOCosAO_Il9WYg
414,rLFnR52oBi8oqobHmVMrjw
415,SDNTZcXLxjq003SEdqQbYw
416,39Hf7XHyzHUCnISf2epYzA
417,OQFCVAIrw6eqtRhK3ZB0MA
418,764VAPPKPA2hJtLzE9UXiQ
419,SSIcIrmS7oM2ViY40MhP2g
420,uEhkWNsb06nujbzchgwffw
421,CI7v3zgHIau9KFthWOS-IA
422,NbW0Azo0swqYwmwF-RtFQw
423,tD_DOWa2DitPuENvzaO0-Q
424,9bc_di3jCXrfxq3oNGdGsw
425,dMlEYCET6FfV56ZIuytmiw
426,u9hGlRb_D9K6qsZnd_14SA
427,pSMiXmZDUHo-OLM-ixv3pw
428,9JTxqwSxtsf2xERoBtTTsg
429,-flBRdUY-Nu42fKHC0GxBg
430,oylJWMEFXQ7NG8q7448sFw
431,V3EZvbbj-IH35wmrTUQy8Q
432,GB4bknX4_QxUk1E7CYKS2Q
433,CBSWRSMKqT-OXzAqnz77xw
434,hOk-stzFtWodjjEwZ-MFiw
435,bZXapW46Ee8Ui6U0YJuAjQ
436,UKNAZDpXLkiNB4XcsdlEJQ
437,rh4M28dDzsYMK2JCmGBUAg
438,LokM55TeumlIKHlnpv9ZHg
439,fVGDvP3pn_lSmezUpb3iaQ
440,dVJIdkxeJyggSrfgIL4fPg
441,yJbCusWEa-xZdizlgg7ISA
442,HEzQdM2-GpTPHsFUldwrmA
443,CaJ6CI2VEpA6Jk9gRDD87w
444,amluA1icyExbdh9UQtvZrA
445,JEqWrZyCWzptXxvZGzLv1g
446,GFDsifp-vRrPHS_aySDqdg
447,wWcpuSPrKL3SqoyPlC6Dgw
448,_OMHnjSbCW9T-PqHkdW4Kw
449,IjG4_ENN01IuaF7Ha6FLJw
450,FRLZE2xG4K6c1tzEVFLeXw
451,CndeHUk7gfnFq2UWq0dbIA
452,laWCOP3z_Wcl4xk-nSmcUA
453,mJWZVocHYy1nc6-pyh02lw
454,1cC-LPmd-VRe2dXhk1fGHw
455,6VIOw-CtnSQmDjWTwij4-A
456,iaArZBU6dJBemOxk41xrEQ
457,zORH1_OWemteuO5CkLUbSA
458,pTJnwhVIIfiCl9Z4VUcPQw
459,MZnNeTnNZ-nIrrtT568EZA
460,XlR88RtylIjhvMrQSuS10g
461,QXk50LCKBJJwnQJ1Sw2cNg
462,NNjr2Wa08L1xwCnWLFpe2w
463,vJa7fLf60RuA6EAVXcXpnQ
464,Oqq7UAWbFUe9krVkx1TEOg
465,BetVUOH6DIYRlmqCbVu5iQ
466,F5Rd2A7tCcU_3ja-s99Cwg
467,wMjybwj5PvsD0Q4F-0bhbg
468,DF5N-CTHtLvqsQag3BaTYA
469,bKQKBSntnGeBmRZ7P3shpA
470,rjOjAi1N3QsIcnQMxL7n9w
471,BHgb7ItDTCZgjjXiIaTi3Q
472,QxlFJYRYJoeDoF82XDyLxw
473,7wzVfsgF47C7fUunqGdahA
474,ofV8LgJPir14ycKQtUEi6A
475,KZ-iXefIBDvRTvGuVTy2og
476,0mxZCQ5yeuEnMyoIKMj35w
477,XUe5N_pIl5l7mMuEfc0Tsw
478,NikLN_hCI5koWy9ewfS9JQ
479,Rjn1XBvXHembele8yOBd6Q
480,QDSglFL1gBvUqZk8XPSbPg
481,8UbGwb5pgrZUXQ_4NYunzA
482,89dHxUG6RsFsr0xPpyYEPg
483,GOMSoylFnGmvlMMqKkxjmw
484,K1wnx9iJ4RW02ymQAyVTOQ
485,977bNUO9ogk401SQcTk-CA
486,YwTf_6efSQUnBQFZtk6G_g
487,pnGEK-CWT8zLwyvQoxOXOA
488,YO_zbgknfQMHmmVn5uygaQ
489,rsRydtkZxBONezRPt0ixlg
490,kRZL2tQ0j1VEFVRpBg6GcA
491,brmD0tup9CaPN8h3fm8x9A
492,T-8IGBm-o72Ld9B9yt52ww
493,MrAv4hxUWCfdl9f576yW6w
494,eR8_nPEZHNF65QB4k7AzDA
495,xoc5751bEHVpWauIhUjbfQ
496,xkzPVPhdsQolnUuW6YVbZA
497,J4b3g1g0peQ-uOktMsZjfg
498,Xkd2jtAdgbBjPSQexlPjNw
499,4EQEcYHR-aa7jfNA1LsCJA
500,g9ZnEwEhg8uA2OUGFwtxNQ
501,sEy-T1JcWDPy7nJBVWDpaw
502,1XjHZKEmQzszlRPt1BUzIg
503,UPrmx2tWVHFoU8YQbbE9oQ
504,aSyKLZQmswlAdJbb8tASeA
505,JwdUmaRj9XEeOJXS9xC0uQ
506,7ELa0-tY-4ZS33p3BlS3Zg
507,W1oVUlhgNOdFzg6nP5R-aw
508,7Ti_yD4wODH2i1lV30Sg_g
509,v792Ffl5dnGm2PoM0t6yng
510,z-kYAAXkP5T_hJ5FQLx2ZQ
511,7K_peqRGxpvvP47wK8Tllg
512,yxvh7Hi4OwTiNqEjCMBvXQ
513,WF8gD7D9loI3CIKgUj1msA
514,8_N-ADFdS-aYLO_fdNaCpw
515,ivKQXW61dlcgoOGzN63S7A
516,XUyxdt8Nt9IvgpMrCTG6Hw
517,LL3C4gU3i4rPZ0f1PbdvEg
518,4Vxe1XCWbijE-d9Cl8zI2w
519,-7AHN3pbNd9XQCKg1zsxew
520,eal7Vfv39cAUVIyiJJ--Jw
521,R-llVP3aaloadjw3h2O0ww
522,rl-jipRO8tblyft0vV03nQ
523,2X_IKaaeVgm1v9SBNeQxkQ
524,6VMCbwHYrGmdDF3mWfiYYw
525,SRZJfGEN7PpIh2ZQkON-GA
526,3TawpsD1YuIsHUbI-3XKkg
527,-G512P1yvA-P_EOm5kptSw
528,EpkR4JdE5UuNexHbWXsfig
529,NVGQE0sxOQdTcq38qq0Awg
530,UvvUc4KzRLdT1A6EehFiUg
531,l5geRDF0zXr6l9A-42z8qQ
532,6JdVY8eXA2LlsuqZ11p2ng
533,gWCtf0oMm_xK80XHwJ5KYA
534,ByoPCUfRROwAMQIK0_MJ2g
535,xy3RGcgJFKSpkMh78Ig7QQ
536,xAArbabj2BbaICPR8mz7fg
537,qoyOMslTY3UkYG_dyGQn3A
538,5pB-HQT-LvEdE2Pa5oyxdw
539,nqA8UMaFc9rhd178cCcGlQ
540,inUtbYNb3SaQvqOgT4aBCQ
541,yQNiT3CDHC5dRYgB2XX2uQ
542,_r5wdqj0GYI_IttoPpCDbw
543,F581rqv-78A6ytcFa8_MBw
544,3-hYANZRTcZsfMLT8X1YwQ
545,X0QrdeEDhkuh-bfrp6JHqg
546,0PV-2rsLqYVmRtD3T5_4uQ
547,mEBkJgANzFKekwgEEi0nyA
548,MITa9f_DF6F_dVr1Dyk6Qw
549,OgjJVba804PoalvsmH6o4Q
550,Kr-VWxzMrhSIYrrs2_Qwlg
551,QAIU0HXZlP8axPkeGCpTSQ
552,igf1hehOh5rbX1ow1zAc7g
553,7N-J7b-mntXGVEXsb49Gpg
554,VHehbRMOnPFVjnNdKGf-qQ
555,G5lZ9LrNT48QvukmrxTi4w
556,w4zPPr-MOkqNq4zC11o8FA
557,Gk_RnS4K3CSnpqByDsYVxw
558,z3G_G1L8IcGa5Haav_92wg
559,ZfJcqm6k8LfsgzfgrWbLjA
560,cW5rkOyQYKV9WNwd-yG93A
561,tuqJnOmUOodqHuyWrV7VBw
562,Dr_ZFdr-lGBVj1U5SBfy4A
563,cG08p37d-YeY2HCEUEjrnA
564,GPEjIt2K4UIk353NxZ16Eg
565,d-K2njXXxgA0JJx8SmPt2Q
566,HTm0n2x9UQvVpZMZLSjvaw
567,vxkQj8d-h_xojFOCgHBu-g
568,llZgzQwyy6fgXctdP8NuAw
569,6MujEd4R1taYm__hZ2gLZA
570,FcQ4vN2BqQTKp3khjxlvAA
571,zKSFVqh-Kzgo6wpHO6U51A
572,AQyqlSpv0o9jCPSoP0PpfQ
573,MChDCe2bopMtQgPjj1XxpQ
574,S7RqCplads-Pvqb2k19yew
575,WCcl9I7lv1q1bEANxlaP-A
576,Sn2g9lqJI5hFBvBUif-eCA
577,0SwfxGy6JxhzOdkOEz-zOA
578,31OnQxTPTHsMeFAKAq291A
579,XyluVQ2UsxWimzvkRr0vEA
580,2GzM_PdXgnJCOEbsQ8VrQA
581,_6l_vm7_maYTfO5tpei27A
582,XVkZlAdctY43Ep4RD96Yew
583,M7BNZfYcWPgj2kxXz1yRMg
584,IaDb-QgLXt1NXVXZOLysQg
585,xGLrhhi5VIw3OYpVnpzycw
586,jJmQPOhqm6B7qjabJ9jBrQ
587,4O3t7k-NklPh8ANQ79217Q
588,4Y-6SkT_OOZOAxo1AFq-1g
589,9syifaJhqBK_R1KfeGHvYw
590,w7_Gfzpd2hAkJhFsf1t06g
591,ZhCGnBK8yuP0US0bp1S04w
592,s4TOMVsHoQxmrx1mEzTgaA
593,oCxQudcCB9wFn3Dn0s26ag
594,9FSVd_7twy2SqTLhPp1tAQ
595,kvq7OmsNRUE8J92w-ufVuw
596,eKp012jNe4LL6q7YRfAXWQ
597,WBMQbW19_xH2zoUjAzIAAQ
598,-3gIgAHG8f-DUf8om0Mxkw
599,aEiyiMzP9MI4TiQFyiYM7A
600,sX4vfJHfs5rnvXIvLO_XxA
601,oVUAyfksKWSvxrNMHgZFvQ
602,w4Rz4aUa76JuN5ttTDpCNQ
603,MYM6lumXwx9bhVY-YREgDA
604,jI_crylZkfph2VzNRV44fw
605,fEPAJAGszSgakN_QrOIfzw
606,aX-QFSbXdlA0aPLAZ-92yQ
607,gl7w9FSPYNZe79yzvtLtRA
608,8d7-5LFgi9ICINJsJsCSgg
609,B4Sf-L4_H7do88CqTBWepA
610,Uh-fwqAPO4PGDrmCS4orsQ
611,JSEJ2l4LNJz8f3q39Gx31w
612,zuJjXpfrYg9ntpc9_ntZMA
613,ARb9EsHj-KJUYEMQ9rvFhQ
614,6sHqQk1K3CSwfqMy4ZLtUw
615,KgRKXoKTkmnGneaxpKRrxA
616,_PzIfodNm605XN0Nd02bIQ
617,5O1VpoxiNvGU484R8LArNw
618,094uJTs4DDZOhh_dc___8w
619,jspKsL56WcCw7RfiFba-Vg
620,4lVtviA1Dgv0bjJrwKUd5Q
621,h8kf3PVrRk8PamXQwABqrw
622,Br2jFaHvsPoBviUYrOzS0w
623,UP00bQuNtd5GYbRxdY2O-Q
624,Nom2-t7jSD4RvbsgnxaP3Q
625,ibdemKGknmsi12HpGa5t7w
626,eh480J34aBFwikOvwlZaNQ
627,Hy50x819tuL9PmsGMVGHrw
628,2LViytREMroZjwgwZaDGCw
629,5L27V5boxtQLqJHGfvs9OQ
630,o2MkGQp2J6m1Ee4qQZGMig
631,HMijMsCdGqFPGa8R3wdNhA
632,SEcwwAU-8ETahwhRY7YXlA
633,CFq9BsppjTi6uPhKKJHQRA
634,oM-i880abaWuMXSRYhVR-A
635,AVAV-D0MRzqwj7g8HJKZQA
636,ZNVicGnKfP-52Kxv8jOpiQ
637,YYkM0TclYX4Y_f8affL3fA
638,WNO2cS_H7dcVuQDvg1E_pA
639,bC0zPIMsnXMW81ksYRZPcA
640,slaDUH2Tm2oDdAQs-m16ng
641,_44GdEVfXajtrDu1hAnxAg
642,WEWijh6QIZFlAqHjcPAdGw
643,-w8pyTNQ7Ro2f8ehE27h-A
644,-PCeEIQDdA6g38nPSUckwg
645,hyCBns-n8V1N2CSgSt-ogg
646,9DQHFPStU6kAtB9m725xHg
647,bVJ2igphM9RJXel1kKWK8Q
648,Fe5a8ACd85KVTy5q6l47PA
649,tXZ72EXYZh_v_2L8mNIxcQ
650,esScLNtUZkbcS2ukF9lFWw
651,M23jRCwRrwZXrnmxK0ZtrQ
652,SRj_dgdfa8l8yprClGIhrg
653,wbTjNiL1PZR3r3gQ1QJ9Ug
654,96AdrvWLrIEKFp2txuf6jw
655,arSF5gGKO7JP2oZXFK61ew
656,-3EN4r2XKUEwZw7W1JTH0g
657,OXtSREZkQtugqrP0DrE7Pg
658,9AN80Bl76N-lbyLeZx-0oQ
659,RFh1pQVAj3RNBP3FbuDu4A
660,t6JgEAAZ_RZO_4El1SxO9w
661,cv-TXtoi1WyIhzf4CIECrQ
662,6RsqA11RGj_tyUvMoDdnCA
663,1Mk82Dw32H4J3v1nYBl2bw
664,x8pNPp-3oGaBkRNL3qyWWA
665,KnN4WpIwEPjSAM1Rul50KA
666,jk162BUZBMdl5it6DRz2bw
667,Uxj_-1MEUMQJgeZLyOlzYw
668,fLzvKt9qR0g0XAXMy6zMFQ
669,A1rUGJj36WXkJ7mCNZgCZg
670,z8430NY7CIzawtSNUMmR7A
671,2nro2ov1QC5Lrw6BaTLYpw
672,s0SBkMRdPQEntTzOB-RJmw
673,gO140Tu72ONrN_E83WtlMw
674,ykdfsNFKmsNDgAm-WjDlHw
675,4FHhHTaDo1FaQcT_tZ3b_w
676,ZCYO5aOpG7sUrc_9Xrk6Fw
677,yluwb0cSj99H6EMCQoNkhA
678,ZdH2Ql4fN475ze8flvfVIQ
679,6TfRsfmzq50iCNF1ApTRIg
680,ptUbS1MKt8An_2aI6pa2pw
681,gBJkm5lDB1sjSibaYo0gPA
682,BP6audhs1USL9w5xUk1NpQ
683,F6snK84nyduvs2EHVu9WqQ
684,W6YRv3R6HcWIxOlWf70Rng
685,bD-Ffq38FiMerSG6MHhe6A
686,QKV5w7_hcSbeud11R-MSrg
687,BEeR6PfSxeHuLe-x_jATtg
688,a0eCMIykBRDUYsf9kTXRPw
689,-zJDJzFUSAOPa60-D_k5Ow
690,7BzsYgvFjlC8GAxJHo09Dw
691,nL29nIDKgd3zHvA91eS5oA
692,FBl6VpLAH2HoX8alHr7f3g
693,RpG69H74DDisoBZl1k_qlQ
694,jrVr2uSrDs18Gx3liA3DWQ
695,jUK2AD4fmL4cVROtSxQZTQ
696,YBIM76tvxivszpDX51dkOA
697,IkF2jVhWfJhWRqXMxPClvg
698,WT-JfHaj6JZsq4OpyUrtYw
699,3Mt7fRA2SmgbDibC2LZytw
700,5ItCz2CsxGRmh7rjxAhvyw
701,3H06BY5ECJ7yz9fHETdgMw
702,TDKm6FWZIzdc8tWVIXPKPg
703,1bzAJS6Q01QPTQueO6Lb_w
704,q0x7LScYaFYu5fyscgXHgA
705,tLWnIlHF-uTgxRVUgUS2Jw
706,CzpLeBoVjG-0A7KFypxO6g
707,IkMNmQK36geFrxYJ4HpehQ
708,I_RHB_3yV1FGr9sHoxLlVw
709,6whyMNnNdXAwxhAggY6wVw
710,5dDv67qDW3dB2ZUsDM0IyQ
711,Zqs_uU5GA-VYJlv0zU-MOw
712,8-itK75RRevbtfJUAhvpOA
713,d3I1jst96OhWYIbcpToHeQ
714,oM0I-S4UGQB7k78VA-3Tug
715,74hY-8FTZKMsovIECHSgeg
716,xWozw4_dV5ipjaWLdbjHNA
717,9ayf1_wFhMs3FGS55FCmOQ
718,Oivg4_xL2cIhQonojpYmyA
719,fQe13weLbJ0FUdBAhQ4zig
720,aAbagHCzHHk94Q-rCLRpxQ
721,kndBYhj9NDsV_6o2tyI2pA
722,FrtyvQhxlaTGlhGO1UncFw
723,UsSEXZkdY3xbGvGV3Q7DLg
724,7ub2Fzgb_WiPRm0vUQk9kg
725,vIwxtjIOKy8BN36dego89w
726,pcZya2NujeyVqauKxUJ9-Q
727,xaB8EHpyKKAHLLs5ZcvP7g
728,OMqXWX2eR2suyi51dFojkw
729,7ZTwBUI5Cq83LglSNXGg6w
730,DJ7Io_HbazSE5m1Kxw6oBA
731,Jeb8lJ3FApRhBMomYcTI-g
732,bmdjbS2mEdVtrHYvXIu5GA
733,-ao1RsaDsxmxYmwz2erMkQ
734,MNOleiosabNwCZmNe6nzLg
735,KCbdPHR50A3qcVQ-VNXJxQ
736,5Yunhtd8jbk0PHA2A6czRg
737,Z2f_wtyr5-s1QBfNGSGO2w
738,3AKwnc7sJLdxuFhu1BrPdg
739,2dUrYkzgoIuFC8hu1DTknw
740,dWX7Kb2m1EqAdJcXUKDfXw
741,1myuQTBpM2H2ytXPZ6CBHA
742,VnQBx69Hvm41fvWn5cjctQ
743,YsMVV5UIXSh6w32QPkYHcQ
744,aepTKcQSSTXds_7XSdivqw
745,3UYAEVkrmaSV7D7rny1rzg
746,EK76ZFCRdUo6DKMeYv98OQ
747,TedpuXKVF7yeofir5rJMgw
748,uVjQdhnCSnjsjer5ilXXeA
749,GvBcZgDy9__TNxDK0quUBA
750,Vg4kd5NK1EmuIm6-nFLH3Q
751,V-W9B4KjSS1ALiG8dNSPvg
752,m0yOk-81jhCxUXy4_hqMpw
753,IiC6oUw1oKuqENp9o1t-Mw
754,i8G0CW4DAi0wL-wKF8s76A
755,2TFIor-W0FNAdD1nCl693g
756,Kdp9t-sytYYvSFpxUQQysg
757,GkhAze91Q6ImrZDTGT40Rg
758,4CvC2mJniOEClkXNpBJq5Q
759,BMtVLAH823YEJ6aBIYFrOw
760,ai75G0lx8eJnkEJ6REOxLA
761,gSlR6Ia2rRD_AKbl0tDL6Q
762,1rz9IXQWre07OHknyuhucA
763,18Mhr7oS-K5kLgbO2ZxUdQ
764,T5pXsUKSwXDd4ApID5QlbQ
765,02GXtLDFGbDI3GRvxH_znA
766,KYAzxQOJgsf0fB4KMC3AGg
767,t7-vFrnBdN6Cn5XU4X3cgw
768,auVma12cPce3asqjD7Us5Q
769,VutiGk1BCHvGfXTXd1_jKQ
770,oAYO2mHxaVkBesGFZsJVsA
771,VVydN2GlIoPjVGMID9Vs7g
772,jm8a3fomPn1pC3fGso_4eg
773,8A-rkp1PuTefSSS8PmuE1A
774,Q6s4G7wlwuZcwHFAYj5cFQ
775,yT1C7Wlqi2B1aBtfWVs_1w
776,1dsO4GdGe7OKrXmd9nfneg
777,orGRPvQADIXQ3B5g-os7Mg
778,I9NLI1_TuLuEX5aM9e-KSQ
779,syQJzSlYZJPEBQwHO36JzQ
780,NrlDLiLYgR1ZRM8bB3OjkQ
781,8SodVfuGN-V8Pt9cqm_iqw
782,HrE5xI3c0B1Sln98GLCkXA
783,og4VyIeVy6dKTSHLhktnDQ
784,OJv3-pdokbqhowMmZaeHCg
785,dkIuwrMPmjM1cDxryR-r1g
786,4kv2dXZiuL_aEY1hQZG2YA
787,dbii4qr2ujKqWfFq9D2OQg
788,L7AiIMs-LRsPUgpYjqsg9g
789,oLJyZhx5lKa75Erkz6viCA
790,TLE7d83pJqOwF6k3jetc4g
791,YqcuQo15ZOofCMtabalkTw
792,DrZ8rReiyTsLXoLr42APBA
793,foh1piBA9WMJCwhYy_Eb5A
794,oq_HTj5mUc6i8Lez-pJoJA
795,K7X4E_5vYkOFAFh57ZQTsQ
796,zkyiU4HqG4XynvzZEqAUKQ
797,AAfz3QT49k_pVJyXHck0Hg
798,Hr8qgDQqRay8Z-hiOEH4hA
799,ngvasqxMIsg6BW7QgkBGjQ
800,NpxPGRlhSl2gdDMqqjC1_w
801,dubfwllHHeoJHSsy19gGVQ
802,48U9JOET9Y1hVcITqjBFhQ
803,uWORTxxK4RQ4-AuGVyINSQ
804,sy_5JNJe_Q3FXaIreg6vDA
805,xJsKo_JSd4WWsK2dvJfvew
806,AWH0Dz_szo_dPFxsye070w
807,fykseugf3Yp5m3-_Xz_IJQ
808,Ym1uC-KDtr1r81Kp163biw
809,xJ4lLrXaHvvm6P_8w1eEFw
810,MNvWKHVUD9Kbo39tnDTLHg
811,JsJzec6oPLqJZh05l9cd4Q
812,SwUpe9CskoUB8kYnGJyNUA
813,1kPt0cfoTDLAeUfaS3QWnQ
814,ySRO8Jt3qaaLUcD7-vnXYg
815,PNDbmEjFJyDIhApyRuApOA
816,EXqWV2Dr91zN5MMs7wTXOw
817,rfoIcjDXgDqvkg6rzgiz4Q
818,B0csIf32_FRjO2DB-YMUHA
819,lN4YtgFjiojzhxYvdUIW1w
820,GGUe6nA0XqDIMFifJkpoMw
821,dby3NaPdP9vxwmvrzOQq9Q
822,iFn4JThr3LYZxgsgDZ4Nww
823,zEqHsS91hOcNTXtm70qQ4w
824,Ckn2Hytik4p1kUmwUT0m6g
825,CRyOc3Njbf0jtRptTs5s2w
826,RVaXFIM0Pl5j-NPeeWDdsQ
827,dnW_G3RvkYh-gSV0JEydsA
828,dfyiDBcohF7BUkNkQ1b6JA
829,n-4bt8aB282PEG4KM2aOLw
830,kpdH_4Yr12PgEigZU7pUig
831,FNxdBzSPNCHzA2FXBiW9NQ
832,G2AxFHNlobBPRZ-ApUpaaA
833,wyEVRxqTYiVpd4B-RV_Xqw
834,ErVRl4att8XRjbYR2vPBxg
835,FFpZeJulRjDU7JefU5fuJg
836,koMQOryl4nZv9oaG59TdnA
837,H_qYAy_B8OlrCDMklf0M5A
838,XouRI7xbhQfuoqxqIRlO-g
839,JMPTpQdPm50NfjrfhnTmCg
840,eNqC11NjtFk5HZ7yvn1eSg
841,7QscYPhxWld9oYaOaaqaig
842,dPt1IxHyu69JtWVxWLwUNQ
843,FLsvIusNl3NZ6gxuXaajSA
844,OHBOS0xA7DeCMLBfJF6ArA
845,AX9-UsJ0nWYsi1w_qKosKQ
846,WhJHnryOTKJF0qlVRvuGTA
847,T7T9C_j9w53ckxKJqN5URg
848,mo2e1ZZb-SN3pV_Ll-S1Mw
849,OHRGT-uLzEyp4jVerzYtJg
850,nPWXDDsQdbvPArIwtY4hAQ
851,sbQuuqRCMJLms19X6Snq9w
852,omYZMW04rvXiHE3PGDVUPQ
853,L6VGV9bfkrNOxvPNl3NQhQ
854,ZqlDQ3tSfOGJywiMdFOq9w
855,jMxa7PbZLijlweTxDCc8Mw
856,we1w76SQnBo3E18z0_iBdA
857,ZvFi_R1rg260tgRKSU_6yw
858,lyaDjFjddUfLo88wDtiCFQ
859,cbISy3SxwjnfJ5HQXMi8Iw
860,QSILKs6IFL16DUHir3ufSw
861,nSz7ukSlo9mW6YJdvb5mRw
862,HN6it_bCfZ-KbUWyIPUPAw
863,P9FlZvjyUUtTJg0adWMpVA
864,1RxsOdiWyIkA8B2_K3Df6w
865,SNlhXScRJ9a1mlotZwAQYA
866,t_dFwKPs7NY4ny0L4TGWAQ
867,cHgKLMKW9U9hBhClBH498A
868,r_F1jMySiWH2qpaNVvORJg
869,9Hf23TI_eyV_jg5dyNxKjQ
870,eTyE2X_gUHxN9OlBcJF4XQ
871,v7PbHI6xdeYXQMsDXNkx0g
872,EOchIu8KPD1SO39mT8-JlQ
873,0sakQdGxfyJJakMO0o5zfA
874,K6QKc_ZOcWBA9PLVai7pGw
875,naEE7Rl4OBNzvwmMoDEyHA
876,rREUhvvxPfWoqmUup7CqAw
877,qKmfy_0wm1KIMJqGhuPl0w
878,baAZ4ppGUd626tVyfgduTw
879,M4pAFUEy20Ra_NZKxT4BbQ
880,bqPXsuVziCGKUPUHUkGyYQ
881,72aMHZszkTpCV_c5VwPiZA
882,KPo2G5rdqKKJsta1FEavXg
883,436HzbOivpoGJ3RlXA783Q
884,Gkhio3FnWCyFpIgdUvBLMA
885,Vqo663w-K3OpGA-kAgqTKA
886,fDhZk6gp0XC32VvN0gVuAQ
887,NQaEou3PgeCkEO8AP8Wndw
888,m4cr8WbWq7YJ_ug6CrLICQ
889,urA0ALJ9edifkCgfjdjf9w
890,hgFpBfu0t7yva2x3eebQ8Q
891,Hbumsewf-S__9N1CP0Bb_Q
892,OVVAEB-1xoKYcjrvEjXhOw
893,NZ9z8kjPTmp8S3WteOcbWQ
894,HXh9X8zjyTGLWEyqsnaggA
895,LlZZJGe_ToqxLefdOqsvaA
896,HRzWNlAHYYjkcG5NkaBgXw
897,fDfNhIcSvz8AOCyxxcdF_w
898,ROvfEg79UyxVnMMrP4jJeg
899,I36hHFb6IVNR_2cyoCi9TQ
900,Ak6-4xLXDDhiWZKPTPxC3g
901,_lYyBi-Re6LPW333Orl6rA
902,kSUYNayaf27F4yFzbul96w
903,Qpw0DhbleppbItn5bIg-zA
904,KPhr9v1vxNzxSv9as9tzdQ
905,vHO_uvpnEUufcibjA72PxA
906,p0GA5IkkFpVH-4WLoSOfhQ
907,5_8_OHXxqh_vxerqfZKAiQ
908,w5psyVMy6RoeVteRV2ScLw
909,4ThLTfloviCA4zGvxLrxGA
910,6HzW1TIn8wL-Kt0ETIPYUw
911,Dl0Os_hGIZO67bhGwEapZg
912,6SR684hbkq1RvhEIkklqqQ
913,zUcTDtH6P4RlWRvJ4pweQg
914,Uc9hyrcz2WuBG4UHwVs6Sw
915,Rs105GJSlx0gQ3Axn0r3yg
916,_YwaJy2wtry7kds0VwvJ4Q
917,TwCN5r16Jl_BUfIDDc0GCg
918,D6E8eqy3cn3U2iaHCXbo0w
919,iTzzeQIQIQX7ZMhIcFy5CQ
920,lHR3MZCMv_bf3mjRZivQxQ
921,W2wDqzP8Tzrw_hhpdxnUmA
922,I02D0Aq1r64RgX6XD0nqvg
923,1gqAgVvL-PDpvlH7yOlz5A
924,DidPx4BwuFP1LwVFwibYqg
925,JaZHy68xe9fibczs79mWrg
926,j6SplVQOlP8EopmVc3DMLA
927,56_uqCzMcaBu1WxgoS8Xuw
928,yS5MXTyFYeD0ipI9vUPIyw
929,YdDDIUCAyUx87lcqma_eyg
930,29GJSZzAjE-XIfXo6S_-UQ
931,nO4RBV1UUQWAeQa0EcpkeA
932,7dFpSiIoWmjuOFqpfoZnag
933,GIm050rEdTKe7-LL5cBavw
934,73YvRCWay6GHGQ7oxMxFQQ
935,9JLmgxuUXSOLbGwN2nKm5Q
936,cGGepmC5D3Js7mQObnJQfw
937,hZPs7mHc0a1NxzKjvXse8g
938,Wh8vj7r1skF4InzLT1BLKQ
939,KILFQ0yc5zG2ptkEaVkB6Q
940,NYSi8a4-NABF5X_nqOXG5g
941,h79JZOiw1Wch2NUQl6oByw
942,T5dnLW29cS6AHHorpx0Mvg
943,7KvDGjtqz64qUev7hb139Q
944,_EmzBbDf2QdFDixuXAhb9w
945,nJ7K_pduBPMmHnnWIWICoA
946,HDCSajgHllL6cFMsDX6KYQ
947,XmF4RnQmMr7CX9wQVUFa3Q
948,U68ltYHcTihkeHuff08vwA
949,J-EQS4IM5pETROThj4qbIg
950,bDVNj8USiho2WhQO-bpttw
951,GioTvp5uW1t82GkkiDcjRg
952,r9RGi3QjsxQ9gHThiS9_3g
953,4ym7HrFPy2XljVV1QFq3Qw
954,0YA6O2vkekvJ5BgGn0srTw
955,oYmOMjtxQyzM8YwrZxF4Qg
956,cPCmbpQH4MmuhoP893i5DQ
957,qYpu33UQ8ZGZGMQKg_piZg
958,QJBCvoUX-wop5q4jXR1d6w
959,pZCjLx2Nie7VJOwjkSRxrw
960,BsBu0_Xvp76Kbsii_V9Kcw
961,dSW0uiAk7kYJ3UzFvFxtRw
962,Yg-igagyaX-89nyLKS7RYA
963,pr048zBSuTyt4gpeJxF2rQ
964,0_iCK7b_8eaUJVwWm42DIQ
965,b-_cuEUIXLJQvJM36az9vA
966,pNru276cd7PJ4vV7ubYk5Q
967,FTLOCnLMl1Jeo8uIICLf3g
968,F-h9vlQqXZNaRQZPItT7dA
969,OMp6awxr8Azh3P30endTgA
970,7A8-AvxpEmA29fgoY3_W7g
971,lz0yvWK_klLhPpnhAUn9-A
972,aIC7pT6HVkhzC6-DI4bKKw
973,O0kzMnnv9kgRu5WhuS7bLQ
974,bmsABmCLIEDYxF8B7PCy6A
975,Nz3mT9_jfRZr33JQ4DDTcQ
976,jOQkRRr-3rqqX1nLilvyMA
977,UDFzpV0hr2rFw9fVl9npCw
978,CJOxd59MC9xXdbGIU-DtnA
979,-c82ZQHqSLPKC1llWHAjGw
980,bZYhV22ed7UOT04dcLZrjA
981,cwCihNcaCAuVDRtE_vlxkA
982,6KxgrcAdn90WBESSAeF-Vg
983,R-qwpRdNQdEI1QEe_HyrcQ
984,vJSGkGg689R1BziewRFTSw
985,ftqdGV9nOlDQCIX3DBlxZQ
986,DABHsgUPVizGHtRIo-vL9g
987,U2ul0mFG1hjnuqH4iztpOQ
988,5o4dz9gva2TPEuRSXjhY4g
989,KB5QkoDxmpvKJjC5CXnFpA
990,o0-eIAgwPUOh43ICG3xmrg
991,F_ASRRQjDpNx6bX4WqvpDA
992,_xpo1nglnZXFcILW-4xMhw
993,MItGY7pTnE_qWzmCHZh_-A
994,Lle0xHuI2GWFIVC7C1waFw
995,Xbw8s4gCu19aEYSNvl_Rlw
996,UO-jg7BYB7gDuRDndKgKBQ
997,zYJhXVjEzLz92PVjkos8mA
998,mpIqa5xV2ELhtP0tgPKgIA
999,hSh0loErDwANcA82DmyzVw
1000,FfpqjCdslxLQqeLoT4ws9w
1001,i5xZH0BOCRWCA3EwJw8tug
1002,jvHYL4erEPfYShLML4ROaA
1003,6thw6oE4W40yo4nFD9tQ7g
1004,uVk4Gq61Hj9Xy-lFVhaGuA
1005,-7OafamLNvCEnWXvfD_ldw
1006,59n9g2JDT7z4uGkbWyG-OQ
1007,94Ip7RLPpCZ7_RxDhoU8dA
1008,wPEptYpu6VbqALjHDcjypQ
1009,WxU24RyxLJ_J6w3EgDCOAQ
1010,-aQiJlBuJsUcBCVgdW3u6A
1011,eQXfMuMYU75grnc5R0xfjg
1012,RN0jIjedMfQ3eBUkO4Fa3w
1013,Y-M05HrVb-QT1XOgT6sNQQ
1014,mrACj56F0jSOv-J-Mc__kQ
1015,bhN89VqpxAb0pnQbh7SMsg
1016,LBd9WVnJm1Hkb1IzB86fHQ
1017,Evf5rl1zZZpJ4LzHt_W4qw
1018,jwr_Ugjeh8MlbaaKGlWOTQ
1019,Xt8voqKtovEUyPzLwywkvA
1020,cGQgXKMkeX1aZFYGuKJgsQ
1021,nayqvWZV_XTaSme8nbzGoQ
1022,ojCkOmxIhiOkPWyMMb16Jw
1023,yqhzr9CbV4eWvQ1gUQ7P9g
1024,W3SYucoJWb0ncv8zyXIdzw
1025,u3Scx8puTAeZogjmKIvzkQ
1026,89mH6T76RSlUAJ9zjT0y8A
1027,W4Jz2wKJhZEF3U1wWp_1Uw
1028,8vgGwpPAQdR777WVlC5DfQ
1029,cRpX86tDZZzUdahDD7Di8w
1030,H_95j0ejz0UYA9lszwX4CA
1031,7Flu2oNlKVP0-pH8Zu9qhw
1032,qMqBLt4_Rnu67AktU5_8_Q
1033,IX6io15YU2n8aeU-K3WECA
1034,BaUmOu-GJ1dDS-bSYD59Bg
1035,YXaNk4GB45lxyznH2CVHaw
1036,vpfVuYOBech1P220ho1KFA
1037,u4C18KlTXR93nJQif3jRsA
1038,apZfylq4TwK7s5kPs3jYLg
1039,q9VqWzaRWwrCGQt9b0UxcQ
1040,msSsqNJk2z_0gXD1bzWEZw
1041,1hCnktHfIHOH3lfR2CZHBg
1042,leVQEr9ikXKc6dRX8aplZA
1043,1uLQDGYLQqOjSQtqi1nUZQ
1044,3_z27ZS2kLm-uZbh7fGtcA
1045,ha_k7jcC66pqOiFWxx-fRA
1046,xdW3ApJdnRhXBex7Nrc6_w
1047,B814vBx8gPrx3qN41MV_uw
1048,2LYLnSVja3u921WP_2Jo6w
1049,mOv_qo-eVUjeAkfHjalA-w
1050,IKiRjTxwAZHYK9Lz4P6RPA
1051,_6LvlxCTcn2m_YOZOvwIig
1052,13XPYIXvruBItK0lj5D5bQ
1053,7yAmxml_awXKadGjYW8SnQ
1054,1AafpvPUntclXlLrqzGUzw
1055,apjUK1BbswSKo5jZMuwq7A
1056,LIT0uGtS-_UzFAW2LU6_2g
1057,Kx6uOkDscweOX1NM0fG7zg
1058,Clvfbj63rrZ0vFL3GClYpA
1059,WkDOO80uS9AgHyriUvX3sA
1060,7XLgEnFotKMY8rqORrmrfA
1061,pqx4o9fMo7Li2fuCbHLYnA
1062,GOIqxfd0Y5NsDymsU2Avag
1063,1yVjc33cvFgd1HGZMpJ9LQ
1064,lrGttNmH4-qjRPlqm-i1oA
1065,PVtn1wSsFthe9u76H2tEqA
1066,vqt2i3rfprEtqXDRHM1Xgw
1067,rk26FBHfW2Cry49UDI23AQ
1068,6zRmrhf8lTFBiTBD5BWyyA
1069,yTs75deYJ18Htn5f0TtYGw
1070,vODoGyQSiwA1LlDBwgoHbQ
1071,hO0DennloSCMeBNJzdCFsw
1072,omN-uClbn96bCtF4oXM6vg
1073,E0Y-zBq5KBOES8617IBi5Q
1074,mDhpipHplAz_5pRIK6ivNQ
1075,1jTLAXGm25CAmBNZc4baJg
1076,GpzIOURsWrudu_-cvWraeA
1077,EKzKPolF0e53GIEymVvxAQ
1078,tnfuY_AloAPO01zr8IHVCQ
1079,qPRRYmT_NboCLoPRyMim-w
1080,GviA9xeVl4St7D6NUch76w
1081,Urqqh6W2aQ6D9awP1_YEfw
1082,yXEo8D6XYQTVnoZoGYwryQ
1083,v5eVt9Goj_arGCV_aGxRog
1084,ZMV3UDUAy8OHjPSI7mmVfA
1085,2Gpuc3z1qwaGDX0JSXmKUg
1086,nlGxnCYd_5Mgis3LPuTfTA
1087,6S2ZJ38Ep4PArhDu_fWbMQ
1088,japrIpcgwVzttf5uDwo6VA
1089,W3q0-rcK0wGN9txYhVTHBA
1090,B9ygEvge_LfdoRY_mdHodQ
1091,7Tn0rERJ-tW7h7TyarrHHw
1092,zM2o6HVjC6SnznceX_fzHQ
1093,AEKSqjFvOc24k11FPYTluw
1094,AnoFi1flGFoefVG543JJ0A
1095,cgHWE2NLlClynupI1dCtyQ
1096,7m_DibbJYfY0tGu0ImK8jw
1097,XJnW39FUsenGuMZ1_cIxgA
1098,94Umbe8C2tfnn-pUuDC_EQ
1099,zXOqwWlxIAuD1ccA6sungQ
1100,tXNoVCVi1O55GXhEp06iww
1101,zIU44Cn02m-VqjxczewYjg
1102,0YVzWax3LlWYECacU-wUqQ
1103,8-z1aSMMQaiXIjAIkqwqbw
1104,SELaTs8dbe8Pi_eLOAP7DA
1105,Gb74AYaYVyGQhkLgf9OQ8w
1106,1k52Gqlai23jA-WOBPl88Q
1107,9BP4jY0Wy8aUGV12QMRdtg
1108,eogNrXO-mwO1hdZOui14Nw
1109,USey1f7se6cvxq1QW9oKgQ
1110,fSo-r0_MEhuLJ6bRCfH1uA
1111,ZT939SqF9I4-eVcsRD97Mw
1112,HZ-krNNTDn32p-o2tCBYBg
1113,_affbOYiMuER--k0hMZ6Mw
1114,DNvflRJEG22HTCDyWgQU0Q
1115,X4gWHX9_RhAJUlcKczvVFw
1116,9S_M0GTg2m7cdHkxSzc8og
1117,UnuHfMm1o3E3P4tpVNJ8fg
1118,R2bLIgvH9EDd8v72z9xvHg
1119,LgmK4sYcSoEzMo-HOMUVRg
1120,PyadZpowYOw5Wh2Pd5R5GQ
1121,9fwy6Dh0Ej9QTIEjd-7oZA
1122,0JqnPXxys83sq_KE_qfNKg
1123,lQ6LbV_NXe4BHRlVt3Ua3Q
1124,8VNoCZ35XC35ZKRu2aMz0g
1125,popM2fEqpkPXx0EBF4Rxnw
1126,KzLldpSPUxM9KD0azzaMGg
1127,tiwYVUcRudBRiYhObJ_ikg
1128,ZzlJBRIHJ8xO-CgZq0s0Iw
1129,KhI3QcpgnGJWKvTWjiTWCg
1130,X2Uq8FBh1Pa_yy8Oo5YPSw
1131,szEt7ZpJj6ZBLu2U3161lA
1132,fXc_YYAzrAY6-w6b2OHN3g
1133,sjxADOfLi7lF2IOGSbK7LA
1134,WoE-z67szEjORs7axlf8-Q
1135,frUsEvSlKfR1BZ83q-NS0g
1136,Ff3LKEeXdiBYgdLtwiP31g
1137,gdMNL71BBExuxjXVPrOePA
1138,Xx2fw-uGcEyu1KD2pXPveA
1139,Pfgte-eEN0hvzpL9sVBUJA
1140,-CttW3utE_Wo-ZcnyejjHw
1141,HkFt_6TGc5JLl5CUwo7gkg
1142,XGFlNcsZ6dndLqGXUH4sxg
1143,tnrG6ENONyZb6wS8PNs_gg
1144,pOXf6XJLl2UhLRFd9_toEQ
1145,KNHtbTzJhs6XRvKoYV817w
1146,F7iJ8Nomakm2yZ2kMsh51g
1147,7Y849sC_LLngOfQjzEAzag
1148,l15cnTwAu_kjspKdebvDMA
1149,cZ1az_EM_i9RwZ-821sm8Q
1150,Z5I3ulmcB_NIfdtgUP0NIg
1151,iZFBEWy5goKIspxXLVmcpg
1152,-q-Rs2DXcjy_80GE7F8CfQ
1153,OrfxjpJXpK6WE9SaW3EU8Q
1154,rKcJ1s9OirlgyIcWloZQSg
1155,JKepLeibnHcwTE39hW_KGw
1156,x4a0gG1Icqui7vk4biQ_qg
1157,Z0kiz-1UHQyA6UR0eMzG7w
1158,kMXFP97-copDbFE5jimhiw
1159,YR5W6nMi62b0sc7qvzWuvw
1160,_QytfyobG1DP1cvt56lyLQ
1161,SN1L-KXqso9NzjEaw2LKHg
1162,671qI4bq7nH699jZCqxXUQ
1163,CPeFI8UMoYdGNUKgXHtLHA
1164,cN6p9UgyUpHNDfZBdruGtQ
1165,lhAA4Bh8VfsUgTE5luPu4Q
1166,RIyRqmEfBbbvPx21LloFwg
1167,Wyj54EAaGSB6njHnSx_avA
1168,FV_kLA1F-0CFU5T0ZC2Pzw
1169,V4UKyYqFRBb9l0fzOoFwwA
1170,WYenD29fSs98MOkyayr_3Q
1171,K4KP9aBMHO8EedN-MXsCFg
1172,hdPEUZC4FWFHKdjUrY4qrA
1173,o5ppEIMC1nbf-xpkAqdmNQ
1174,x-rn21MhRq_ISjz-buBWXA
1175,PNUbbDgBxro9CfIMRjCJsw
1176,7AdnaGsWjWhg2c-U0GsG-Q
1177,HpurSgjX4t8rrhFmaRfG8A
1178,eQNn1dJiXxldNLGRivzcBw
1179,dMfNQ8ZmkhBDFC2pl-DLvw
1180,lloO1Q5bPDtl2PtSawRJmw
1181,z88er1Z6pqSHw-bv9ldtKA
1182,ddGbmjwwUyjhmA1T2AslDA
1183,2_zxQRUOfXmDQDFQrEoBGw
1184,aFnvKdLq7NVA-rx5bNq21Q
1185,hik-fWYPg5hX9N7TXRuBBw
1186,Pm6IHRv0FJh_nFBoWlWOHA
1187,r8HJrW4cIZtf1iNyO413Ww
1188,k6G8rQY2gLek4xtQzeupNA
1189,wvEupBt3yFFLIPDFw-MSNA
1190,NpVOXpj4b4HsqgzIWrZWRg
1191,X9SajoAklDnFKVlkM6ZjtA
1192,quhGbXatie8tcP5BbEFYYQ
1193,GGBA_vei4Yf5DgFypdSzgw
1194,za5Nqu9_LSNaeLeHKk-1hg
1195,MAcnYUqzubfFr2OevAatvA
1196,OhJrHBMlTgMIFXB8v78HhQ
1197,Myq0bRs7_jAmTk2fr1PVsA
1198,5HZ7Hn7vxrLSsEwFPAc6GA
1199,N_q5-OPVeA2cleiLk-3KRQ
1200,gWMOGNo5r-KUJapfuuCYzA
1201,q2JiBBvJBsydWxNbtAYHyw
1202,ivHoF8VhdC2kxsdLIbPxNg
1203,zfre2j6QT4_axFXi5sIIHg
1204,nva6UyHdP7vKk3Uswm02IQ
1205,SvpcUHFkuFysNAaQi7bEdg
1206,OYP9odNIytfGqdol4rupJg
1207,vrNg1U00y2vNjS1WItsceg
1208,C6nZkmtRpUQ2eXZlJkb1GA
1209,_rYjpti7ONWUrqPInonNGA
1210,aJxxX8_jS_MokUr8uAk6GA
1211,rIyM8-wjYNjH4dvUWUCPhQ
1212,gJVF8SQ7ykkO9gwSSinIhw
1213,lkgbVxhyOzMm1QIPLJipPA
1214,4h-qrh3HdXc_lRYaEGoP3g
1215,PmwANMdPudxk82DzicgHNg
1216,3Fd6CaUA8Z355BA9eDLaRg
1217,HjkuUuzet3pA4cS7VtSf2A
1218,DqdT-rmSaDEEEyH0Uu-M_g
1219,n0aCzyrw7AKECzmmXvAf7w
1220,hqOExy7kuZDWhwsgX1qJbA
1221,MhoFBlAVz1dI4dO0iggwug
1222,mMm3Sf4MIabOIRkwtxCSkg
1223,HASFSgwa7l6QOfe8obSRQw
1224,I5lHBVlMvcQKNm1ZAgwvBw
1225,QmoxdKi2sIXxkNSt4i-eVg
1226,MfY0n7c4_rlSO6Tb9WK0pA
1227,KJBmMzFGOZpO8dh9J_6UQQ
1228,NwsMPCxso8Xlyn5vHQZ5Aw
1229,L43vqdXdG65Kw8Ew9lMuYQ
1230,eb9LxvL8WY5EN0fOj_uvRA
1231,0t-5Q9mVoYw105gBlEGlHQ
1232,dM_DidtAb2sprY4k7xbqaQ
1233,WeMD_EtElg1GxSugHdpe2Q
1234,pWVmflWPVF_sBcUgkmCnJg
1235,GTw2H-Z3otC1d3Sqkl4__g
1236,UU6_J0qlegp2yQg1JmeKKg
1237,tee_pWMoSS7BhUFbXexVnQ
1238,2aBTRy6MxW-TvIDphn-AEQ
1239,2Pp8pggDQsNwXZoVDxsdsg
1240,rx66e_mvQG1O17HciXVK5w
1241,mLVyVk3ek3g7JR-vO9h2vA
1242,tqrqUStfVsRNGMsdi88bbg
1243,9y3P1t34cnWZb9scD3kiEw
1244,vktgjFSqIbiACkW74JgJKA
1245,1T28O0PEBsK5bm2Kz-F6Og
1246,K-5f_9_bVnGIROGdDs1Pzg
1247,cpEvyoXL5Z6fbMQ6HZaVTg
1248,OAfOKYY1SjDfjrAFiqPNLw
1249,oxiK-Q14GFrkmQL9-qW_4g
1250,kUlF_j1uk1IvdOETluPhsA
1251,yk9ayHWHFAYVWekoSXgGbQ
1252,UO6N3R4-oAFQ_7EpdS1m4A
1253,hrepiC9vYFwfPm0bR6i9GA
1254,CZSicdXjP5ekbTySTxgNQw
1255,lB-lsDXxmOy0iCZYXnEBkA
1256,P9ny_balBoeSR6Fz8ofduA
1257,N9p41uAx9P7Hm2xQJ14j1g
1258,2UvkU5KWbF3q8jRlGUR8Uw
1259,GtTIjbZRL4PAjA_79miyMQ
1260,G161-Ww1h20-ksTpLWN_YQ
1261,2msZyUfeRM875Of7ciraew
1262,hF9xedbhPeTwqg6bZilnhQ
1263,IV71VjZTdNj8b2-5d0kfzw
1264,mGygxnAdEfmTxfJcAVmz7Q
1265,z2tRtb_zdM1YSQWAmJd7lw
1266,5p5qh70dtmZ6EGhdQUpedQ
1267,v2m7wcSAI_Z6iObVH0Bp0Q
1268,DJmSUgLOYdCxbbw8FeA66w
1269,cU_WifUvHBuTbE2BxjVTdw
1270,WqSQaa_sQW6Q5YjB6edMQA
1271,bvtOW_n2F-SDh08i3_YYxg
1272,ICCJlFPdbyFpY8WYaivVBQ
1273,8iLhmTSRMFOJu75yxNi0AA
1274,0qeh-wdHoioOELKWnmwEfA
1275,cBrNrAgiSfpgnxU2vDRZpA
1276,--m1g9P1wxNblrLANfVqlA
1277,eQp6Ls4QpnUrpyRZH5Vy1A
1278,3zdjhOZzslQdkX0tGftwbQ
1279,M4_9MT5zdmpM-5EUAEe3lA
1280,hx0Ltfo10BinaH2tlgu0Lg
1281,rmSJAImC5G9X6aEY1Ye6Tw
1282,E1TX-H1jXfhdvFKn4WqpZg
1283,LGzmzgLWHyArP_neBE3DyA
1284,ms2PrE5MYTyFu12Kxh1SDw
1285,eF4Z2n6kQ95nWURt_5BMGA
1286,zWH-p-u65ZJaygy4vnxb_g
1287,67RicD8bcklxdnXk-zRAkw
1288,6prEZT6HO4SsddaeCFSmpw
1289,rrD6XzX6fQ-aBnGczJIn-Q
1290,F23F_qrFyc4jvtb5H1Dtsw
1291,Kj-TkF3QKPZrWbjYGCntfQ
1292,LTqVsT43re6nFjBpB2KGWQ
1293,LAYt4LpFzPV24CprIrC4vA
1294,gkP8c0LtmGsYqLGM9REImQ
1295,OZy51SVZZid5VcdW1vkXzQ
1296,bZFApwoXMY6F8t756fanEg
1297,FB2GTSW2nbSrxckBPpkzJg
1298,Fp6SpM7K1uAKUg4_NMZk7g
1299,pVILmSOfD23XODJPH0Ri3w
1300,Ele1fWNoUscBU95wzTpwsQ
1301,ATBm4rf72PMyjp6vuq58lg
1302,fMz7ZPiePm6WTCaTzO3qYw
1303,lgWPBWkxGVXlmZ8wgRarkg
1304,Znt4x-X72vQi0Ws-k0jw9A
1305,RmjkYtIOF5QreAVIKx2AVg
1306,nUINWeDBHOliyCU13vXTMA
1307,oWz3Xm64qKvH7JhHDuG4ww
1308,70wg-2Vsh-wbmyefbqIM0Q
1309,yXmABcpCloN-tDtV4ZequQ
1310,UtuxDSWaspEqe3ZoLszSbQ
1311,zKo7isnywg7iffxWfp-jVA
1312,RSmm-xmcbeePLP2XJdfXFg
1313,Q3KgXu1B93D0uP_xdUlEEQ
1314,Yg9_Tii0xUG1Q66SMyxN3w
1315,yQ2KpCC42nVjdddGyGgOuw
1316,l25V7aIdMaypBBxye-M36A
1317,hsBgxJlB17oSM_IRiqWVWQ
1318,_ZY3NyVOlI9PV1uiLREQCg
1319,WI4neCK5VtaPliPZSbyTew
1320,xbTiTT0Rg9kogj1Bnlqicg
1321,JsATmMz_EBHlALIYzs9qLg
1322,xs3SYPxPU1MksUOeQ9F32A
1323,6ag-GYKAiU4JU3Xsr0eLzg
1324,-oXA20XHyAhA4dqLnQWfQA
1325,Z8xNP5JSXmfIpG7bXMCVgw
1326,n5lwKizzq4wGqMwUgrF8uA
1327,qbG70ascWPWsltDn-dzBNw
1328,no7YOh8Y8AixPPXyoK_5KQ
1329,yyzA2Ws8EJGevHpcx5VVnw
1330,dr6tRqTq5NT31nDWWp4uvg
1331,TTFeXOruMGQt0MM2zvSGAA
1332,SJyBZwwmVcF9bMI94iIgTg
1333,A9aDSlKb5N40FhAJqwAtDg
1334,gnt8cDFUuZO4YeDR-jvW6g
1335,hRq3UbQGu32Br_Ojut1YKQ
1336,qMBuN3TJMdPJELzAUKo4tQ
1337,RpncyC1M8qP8vUcziTQ_pA
1338,mBhznLO0cYd3DaIIQUAAxA
1339,PAxyy7m_lH4qLG_P5uzrDQ
1340,GDCilF9wt9N9rk3j8A6NZg
1341,8oIROVNsXoB11q3Ztnql4w
1342,-AjqYb-cws0GtZsHTsGQ7w
1343,PcmstjcdLFk6SOR4qMWu_g
1344,ubDHBhMUicw-Am5huIaOTQ
1345,jMeLuvCWign8q6Rcukty2A
1346,PGUxrA7l-ow4BdDe0DGrXQ
1347,V7_M4c0NdUVb5qsnTRVIqQ
1348,PeDhu9yPwvVMiZdFYyNFAw
1349,2P2S0It1Phmh45PqWnDGsg
1350,vD03_PW2AM9SD8WKqxCqPQ
1351,FPfmUDyZASGKs60-dxn1TQ
1352,z7zJSAJtpmfHsWYlH-O7-g
1353,Bzr5F30x2tAhPbwdr61gDw
1354,6ZIxnNXLiSL5H0xXowr8Gw
1355,aNez8JPcA27pQEjPoHvBCw
1356,lbuiggol53kAh5IYBqbalg
1357,A0Ut5J0tZTku_UJTtfN51w
1358,hsb44rBNzpNpntjGMQBU6w
1359,E7DAPwvRnG5gx_CWObPMzg
1360,DIuYq0A_1SVYToTJdsyMPQ
1361,kzB4VVSQ-sXsQXkvDz4Zfw
1362,DlJNv1o8ih35JUS18pd9tw
1363,AW1YCsDVYGF0ChNGYeKNmA
1364,B8gQP8Tb9_PdsaNh0QkQoQ
1365,U_e-nIVcw8ne_Ece7fDWOQ
1366,KPFw26qAxJlYMyAZ8bb3Lg
1367,4ljVhTNTfZap5ZerVwUjUQ
1368,bVLcsTU4h4Q6TVxHFjFmrA
1369,FO9DORmsYE4YlxmwLY26qg
1370,f144FF1ZGZy8vCLyvuo8IQ
1371,JZfBKjjuQbbhRlBpAZpVsQ
1372,PjeBmsRXuWCrRR75VLKXxw
1373,9r1_c494eHNZDDUmUkFpKg
1374,iO9iWBfoFgRGjlDoa-bcfA
1375,dK4NcmoZVuHSoHue9P28Aw
1376,18GAPkBBiFaFbpZ6yzqTIQ
1377,voIq8Ede_J-GhRdNi-YgYg
1378,A23OFxAXI7HtOjhpIJvU_Q
1379,IbcYxOzaAR69MTY71jm_EQ
1380,7lHR5JycHVmiu5IN9CbEWw
1381,GNdHiQecnQjzVXIbHqncZA
1382,GZfIjA8uajAXgi-g7XpnGg
1383,XJNjqOSZtylt9Z4zVAM3mQ
1384,FnQvNphp6uy5qBE7lD8f0g
1385,6Z-gTRMXUVHDK7KHbT-qnQ
1386,bN2cq4x9SNOR0nJCFbWv4w
1387,8QcsPymTd87pRePzpQtsKQ
1388,iSBjkEtNobyK8iUGMXDNmA
1389,cIqO_kKJUABxTtwqWjTmzg
1390,CwLPPztT3dU14GCxyLBBeg
1391,Y8EK5dLWTIjdDVcWnV_U5g
1392,v7x4_XibERjqC3GJguXHOQ
1393,cX6bEZR-biGdreNl7Rfrew
1394,9W6DpTCYx7ZGyjuqcReK8A
1395,t2Ps-5PLIMUdt6zwLHPhjg
1396,6kigN_ZCLQLtz_llo9nhPQ
1397,i2WcamA1LcttC8H57ASF_g
1398,kVF5eiGohpefsCF71Z76KA
1399,quF94gjjWxTM-Q2h_oPhpg
1400,Fwg93GYqA7LcWMpQG98yoQ
1401,Mv8sj6slNL4wLhiSB2p5eQ
1402,eJwR5PN3wbe1V9W3UI7bBw
1403,aFmIW7CgoaELhXssJuoIkA
1404,x0bR4RBbPQ_IvwU-T_XvDA
1405,c77AiMB4skcouPE0IzFsGw
1406,R8e0UBvu-SBoJZ6qCjUV4A
1407,8JNqUTrXATJyNet8kL85Qg
1408,rQgbrYNBkKH7geFCkwXaew
1409,cjRQ5TU8AZsjzD62VlJQbA
1410,_UBC71O1RL4sFfwfHE2S9Q
1411,jNmwVOa8Kzx1D2UXQUnkpA
1412,ydLlFhNXl-JMSdYnNnL8Vg
1413,YjzWPfCEvDqjGKvrmgMBlw
1414,TpbUoQo5BSmvzfE070_ePw
1415,mMcCYFnSS1_O3sEtjsuTvg
1416,vl71UTJa9JlMNBy3f_kdQQ
1417,DHKvQBI8SJUFwB56epC89A
1418,Q6VljjohsenvLnMOzxsF2w
1419,tTfL-gFB3CWvxt9_I2Sriw
1420,ivDYcIU0vSCf5u3509KydQ
1421,WOrIuukWaXIkUxnZncDmTg
1422,gqnxcxqcJSd6XqX5_qwnSA
1423,q8VdPzb4zJsta6TBhtNetw
1424,AMpaittHZbExJD3yIF6B_g
1425,-Y-0AJDArMr9UQfTrS-q7Q
1426,W3ZU42QqQBehWe3kU7tvgA
1427,1TDooVIMbNhXxl_L7XNVOw
1428,5xNcbsy1S_AtB-FLQTkWfA
1429,bKTIACzNC2Mx7uQXFC9y_Q
1430,fA07kn9OtraPMmxBI5pI9w
1431,WJ6577dgC74xsLE3K7plfg
1432,v1a-4XoDnlPfdAYVropK5A
1433,F0PGngsZYdGmHBXzDG56jw
1434,tllFPy7SkAuI9HtXd-H54Q
1435,zO4QgyQpKBsC8uhrfydm-g
1436,A74TEFxQeWT8tkSn6Zrcuw
1437,c3-vpMUe4ddNWLTBJWMdEQ
1438,PFnDe8KAP8rzfctAryHKwA
1439,zkFz6ZEIHn74Lo2VA7OP9A
1440,ha65vUp57sn6V84J4i3JOg
1441,xDTzIvkVHdNreg72lV43Qw
1442,bEqDhEw4soMcuRvESl_zmw
1443,UjGXDE4A0P1T3JE9gFl3hw
1444,n6RIpPARoyj1IbjZ7XLb-w
1445,f1rCA_ULGRdIF7y8P4lNPA
1446,NybWKoYPhN9mKEnvbXjgBg
1447,9u53ZXw2dl5BZ8qpYoWDDQ
1448,SB7tC7YdrQ_McUYqPSTRwA
1449,xLTv6Eosmz-QtpXvy-5sZA
1450,fVrzvIq-zd3Q5svrW3kvBA
1451,H18T7kuEvsOJKvNQNEWctw
1452,t4D-A1CgfE2_JwKWWoEeew
1453,NhyBdZt2vf80V-z6q9-FWQ
1454,7YMqhSk42pfykPYkTvNPBw
1455,wbjvly37HUchIDrdCOevqA
1456,EyaSOcZ9zQA734D-a9Dovw
1457,475vsfEBdBYL_pSKgRoBMw
1458,kEu8Y0WMPf0Dg-bAaFFwkg
1459,ZwmO1QOjsKYSN-0ZNctChQ
1460,bs1eWomzlNSLvIFaxLi8Gg
1461,EcFueWZxStFir5mzzY6p-A
1462,7nyG3EF8BD7GpSJI-Pv2CQ
1463,RMc4iVcD5_9BK-iixvwBAA
1464,2vCCr9VRhf-qo2rZVKBTGw
1465,jUE2J51dGt_oONjFYV3mvQ
1466,k9yOYJWMIKRIXda06ieBug
1467,tM4vxNcmE57bfvfnqAE-ig
1468,WGy_8cFLvOYIw4EvV2HXAg
1469,RsfAaUkoJkXG-mr5vOAD2A
1470,NIpBNW5fHy09x3lXIfPjBQ
1471,V7wKjNK3_Qcd6ZBFMqfS7w
1472,eQTnrAIbitS6VAPUaaXdFg
1473,1_V_OVIzVPojoCEF-kPn6g
1474,-gJghtHqTCCuLsvLGXaoPg
1475,MRJ3f9ftGH1vlvbVIfVpUw
1476,BQ_bQhYM-FnVAXN7Pak1Vw
1477,PwWIvVYvVuBblttl2U9SUQ
1478,07-H7YRmZLDZBSoq7PBh8g
1479,kyxxu2aKTdd_2rFlZmDeHw
1480,wb-lwMDHNh2WauYd0PiDwA
1481,HeOhdA_EItjAi_YnvuCdRA
1482,_72Q2LjA3_Tas16Brg8GiA
1483,5ca-HXOhN0S7NXF4VodtqA
1484,NPzEHVmD1sbl2EBa4JSMSA
1485,UKr_DCzAmCUHmXdUsgcbLA
1486,cB5AKPoXcZWCaO9NX9jpvw
1487,hOZiObWNHb_pd0-m8FZ74A
1488,wQRsG2mHJo44akhPkf92Ag
1489,c1zQWUUX11Shfl4OJxNc0A
1490,2vJAnAxF0MbQwbOOi9yccg
1491,Vnv43e4A5hKTC2JP9L0a3A
1492,OnWATXgs9rJ5hJE16FGNfg
1493,_G1WZ_BpVGhAzZ-rlBCYlw
1494,KzjnqmxUkuBNNEYIrp4juw
1495,ztvSPHFlG1sutfRYFzjy9w
1496,-kgjZ9tMM_MfXohtPTv40Q
1497,u0v12iXOKteIhgJs4KWr7Q
1498,dzBu3RKnbZSH3DQ4Tu4Wjg
1499,-aw-kIddWXgr5zRwDZIgaQ
1500,tNwheSb3CZOYaOi_iz74mA
1501,qODiT0MdTaz5Mc5KtExp_A
1502,hf-9dAwfK0uBuScm3pjVOQ
1503,i5jyc5Z7dmGFUTyUDlRPyw
1504,wwuA58wbu-iPdqOIbH6brg
1505,HrXaNbN9X_qgAUHWBlPJtA
1506,jzHIJI0Pkn3AxAKipLCmfA
1507,ZidwgswG36UWpk6pnWpg7w
1508,UDKcKPjqSQydc-7rpBcllw
1509,S6koMFWPJUi-6tjseAeeQw
1510,pTFnD4sRRgADblXhEMgYTA
1511,tghAVX6DJVQlUD3gEcfWrA
1512,b2gdduphJB0b9mhdr-bXAQ
1513,Pce1VZaULZMtbWeBjbR3Vg
1514,kkXUisH5nVsLrYy1eJ7Cqw
1515,sNxA5ua3vSiOIDzW3L1LRA
1516,Q2AMxNME0cg44U5Vwn7cRQ
1517,3JhNUmC10OfAHZFc7mMyGQ
1518,wMFqv2QBSzk3XqY7l4UOtg
1519,akaS7xoYKHKmwAD7xQ7owg
1520,k4geqprWPihJacXqdTpyvQ
1521,oPn0u6DcIeT7dZmpPCaU9A
1522,TkFBqMxq_LaFzpGsMmKajw
1523,x-3_yyori-8DapRbdaztCw
1524,mRIy8IGiBDXEpcniJ1Oa7w
1525,LHoyZFH0r5BNER01X4TKqA
1526,vlNJulw7ObuJi_lY88TsBw
1527,8y2NkvkYaUXKWF_XcT62pQ
1528,SrE7xFFpmYqXW5yrjCvL-A
1529,eh4LGMrkNQl8MSbrfiSCvg
1530,seIaUft5PuqnzE59CtcBxQ
1531,oCGvBNbxzVuC0auBkwbAuA
1532,qKveGgmo0xRqNVf60ww3_g
1533,QcCrY-qvQatWpJaHIlhX9Q
1534,WM_G8waFevXuHMUsfCS1ZQ
1535,o2lSpk7qafaiY1brDw8J6A
1536,L0yc_qH0SItiEq_MzQzRdg
1537,LnBP-kMYE2TnaEZus7t37A
1538,ok2jg5H5LVf4CSFaB6QXwg
1539,iU_UJZYFr1UjOecE57pgoQ
1540,MbDVN4XV8c5PB8i4hgWP8g
1541,Sw7KuD0QqtGkS9X4nUwjZQ
1542,KP8vobJvH3nIxwpUDAruJw
1543,ljngU_gjU4I8G0Scn1Yu_A
1544,sFxsAx66aiaeUylqbakB2g
1545,JgaYNbvJY5ky6fYOcs0a6Q
1546,Sm6dVrk49qKcdltsjTwfuA
1547,1Jmf09hDwaXoE06YK3P9GA
1548,CsyODVepq3jkB-9JKpoTfw
1549,lYgJt5XnKTEjnBPx-aEztw
1550,_Hwdp9pNtJ14MsBujtIa5A
1551,zB7hZZl_6qtKEncbIFCgDQ
1552,ALwnmdgXGXzB1Yo07J4Cgw
1553,7wIoWhoRSXMXJNRfRl7N9Q
1554,ahBNTFw3Bco_WbvIOFNxpg
1555,QbS8kEuBXfN6FN_JCuFLuw
1556,BZk5ij706Xgx8Yr_3EwEcQ
1557,dwA1xZctBTqYzcvTUwc6Zw
1558,tlGp2kRbAtxXAfE--ACw6g
1559,XCI_QV9Yn3dm1wK830Fw0A
1560,PkPcOZh1tQfQUV6bJRTrng
1561,TM7xmtW12jNzcvYdBEC53g
1562,sShATqHU9oWnheQzHM35-g
1563,fytNHpJ5Js9hkD_cQO8rBA
1564,FL84u0hLmcXN7A-cg9I9_Q
1565,aKNy4pieaYnobWZDExPd9Q
1566,QPQIDr4GmawMfWHHzMwrsw
1567,ChAnInWugcf3dYrItl3EuQ
1568,tc6V9KpFw_wAiY9mGXmmOw
1569,u4uJjR7DM4pd7Zp5gLXlMQ
1570,vPAhk5B_ufZRiIltzgPlkw
1571,X45hvN2Z1gh5R4dPgXbVyQ
1572,3XN1taTQqQKC8nl3DgMM1A
1573,ckhP2IZvr1ah6VuLRwB7Cw
1574,gyhCX6sBgZnckaBWFq8Gyw
1575,22cGiK7jphPTRxkLTqapTQ
1576,ubKZiL0YjTLRQL5dcxvKdg
1577,dqncTW-gl0UgLhfjZcUgCA
1578,MdikV2_TNKgrPkcsG4g6Uw
1579,-fyBn3AEb5zFgBJoWcX34Q
1580,H4dVXq2agIkeiP6_lidkOQ
1581,Rx-1jd5iQaOas3YdpC156Q
1582,W02omIznNSxLYzntkO63lA
1583,gfMBYc8GW9aitUbcvPgPDg
1584,umd0u_uWftPoIcW7v53z1g
1585,Zls4XLThHK6sm8NI4_OCEg
1586,VPlzqIiUZeNTOK2pMPoXmQ
1587,wm2zRKve_Zr6yONSpM5P1Q
1588,YORLTgO8dS9BDKZQ2pfKxA
1589,U45yIcB67VA6XGJR6oMQlg
1590,Qjl6aqudDq7LJYEC8uCkdw
1591,8DJsERBVM0Em96dDKxKSlw
1592,aggT9F3D2VcChXjB2ilVyQ
1593,1G7kdwjso4-s05jMT3exmQ
1594,Xk5iznUPktX7wx3dlRVWUA
1595,hIFwQ-8D83TtnLfK0eH5Qw
1596,5ZuOpHt4cRcVL9x4bb6VIA
1597,NBuRmwDNdYoFq5CP-jlyzQ
1598,4U0lz6WgowkETK3YaIT8sg
1599,FDWo5X_XoBVCaro22r2sUw
1600,6VbM5hHuI0g8oKRSnJOqpw
1601,pxcERfGuSKD9KHYlfmc1HA
1602,q5_bVMRJnhOAIkHwfZ3QVA
1603,9XvGXgkkkEhKw819LcPogQ
1604,sCP15vpcbWEGqhNtFFd1AQ
1605,7izShDHo0dnmnqqzr4sFxA
1606,EpnLqyTKwo8Tn8j_w2ZVkg
1607,j15ntY0C4C1Q4oVvYw6H4A
1608,pRIBc4emwv9QCTPuS2aZDA
1609,62yY5jzg6NG8piMZZH89SA
1610,vunBMXxNEdCSVRnWV8P5eA
1611,wKjYqhFd_l8KPLQzlLh1Lw
1612,fWEqiLMhZngOIaCfED-M4A
1613,lYNVfn3o7tTqSAPTaBLAWA
1614,Uz48sikLYhYXxFzhNte9ng
1615,LMeKGO_99wfE0JAZFjtrug
1616,iVGkFUAyCfKVTEqU1xcqtw
1617,ea1oDRrNCpEFGeAPmwgbiw
1618,orRtROuWoOZWKdfgzgFXJA
1619,shGm3HrnEgGQuo7d_W-e_A
1620,C2JZRCQ4cVtoI5O0hy_klw
1621,iG6o2hynadsVsOWeh9b1Vg
1622,uUz3CHsNFFWycpsfTsR4qg
1623,tE17uH0g1sOuM7tiONA9zw
1624,bs869Jbl611-sMvZKci2Mg
1625,Tk9moxS5qjOD-xxg2N-BAQ
1626,Krynn0_UmsfyKc0Ye1dlPw
1627,3rFTT43tQg992no381rVvQ
1628,WSVTLvvvj5EDpY6OPhpdbg
1629,aDlKvP5CUEK6GgIA4iq9Hg
1630,PHNMV823vq7PKkG_aTc5Vw
1631,a0sXIosL-LkGinw-8HuQ8Q
1632,aPr3BWg1qUwr4V3KkOAYug
1633,cdkF32l0DBTdWxq0S_qkKg
1634,Dhz3Qj3RLOT1ublaAqBw9g
1635,rHkS1Lnz2VyHJez6Ppa3-w
1636,Ui8PJp24KGvzryxE0fVdRA
1637,Mm5gDG529KIcYMuz6PD20A
1638,-ROx-LZbldjlnatBnvEv_A
1639,Zkptk3GhGt2I3tGgscU3TQ
1640,W9T9wcfH83d6VzAzlqP7Hw
1641,b8qNlpTeKDe2bE-cd1xH6g
1642,C6_ALyHeg-qmHBQxHMIjFw
1643,172WuaexC5-K1_uzufxn3Q
1644,ZmdRFchD38ooi5bqJGupYQ
1645,2aEM6Ae3rPQFPLw2lnp8Uw
1646,O-3es2Ybg0x7gIXgPmCMcw
1647,H1VWTUoZZAijXMUx1uQlCQ
1648,SCqDrRdX1tljO_nFzLINlQ
1649,S_Kc3W7XJOXoqz7wmlKVvg
1650,Dng1TVQrRrlkiZL0NCN7fw
1651,VBoE8WUu1-hpZHZbJ-pyWA
1652,2rSvtVINABQgJIegCt2V9Q
1653,hw9-RAwpRjQRtsSFpyKLtw
1654,qfuRFEhnc69hGGR5lkSGiA
1655,E922ETb2MaAtx3mEbikh8w
1656,EOGjCFh8_6rJY2h92LR2rg
1657,1ZszZEN9jaUbz3ylEUOUvg
1658,89BxH2axQHOpEu2koa0EUA
1659,AJhUZyDSV903ybDTKUQaBQ
1660,F5bBLKN_bavzoimBvlhgpA
1661,q1YnhoPSArNkTZzSpSUrCw
1662,gSawKODjaZuijWuBoUNSIg
1663,SczkajqoJLycUK_yedMzGw
1664,h-KyNEgbfiyt4QimsmPbtg
1665,v8wc7kAeBCxKhlS1DA_uug
1666,InBpvDr0st8bpX6Io3CxHA
1667,qAkk0DaKLotxX2UzSPg9fQ
1668,me8ZSgO4gQfeBLjutFmcXQ
1669,dxKIszJZeN6UTugdi7S47A
1670,a1DUyywLu4EoGRHPihdZoA
1671,R2ir0q71ZgVdi4HJp6n2dw
1672,wqpvmjFDowlvO2RNA2K4yg
1673,JXJToaKhYgcAlL2Ley3hxg
1674,vF4LrrUIkCemBpSpO39ukQ
1675,Wz8BptrG8qgwl3xxgYqBrw
1676,2EKfKOBIuLiCjnXv3fltrQ
1677,eU-10rPEhyJ00un0_fd1fQ
1678,H2dh7hty8SLRJRUCD1ilRQ
1679,6TR6mvRwfmvW6A77j3sllg
1680,F4hEz6MuDwyvPhkxSIiCrw
1681,1icf6RttEzz1BMlgAHmJVQ
1682,1Uc8ehbpZYqXCGj2G_DU0w
1683,CHd2U8sTV4el2bQlRst_fA
1684,zzUUj9BUNn0_0F5hwy7RRw
1685,TDZW_x5eomeKDS45lMAvKA
1686,QQbUf3pDMwVhzDxOGhCU4w
1687,QmTGCPfHt2L7Og9W7XnOMA
1688,yLKrSpzSg7_6-R08mnYMMQ
1689,WunFu-5VGn7o5XCDuxLBTw
1690,IFwOI7zFph0iwPl-pkyL_g
1691,jARmjhBKZWHyn8EC7H4saA
1692,BChfI9fwiiktn0io8p2AHQ
1693,KD1vk9C94vKc8Pr_gF6VHg
1694,elU0eZTbsyD4kRtsDurl3w
1695,JG_Bw1ZcX88rw7ALiUq-ZQ
1696,4KN-PSLwo_oLw2WZlumwHw
1697,kO4i97vayoJlrrBvNpbf2g
1698,3u1aPxv9E2DdVISwrFx-UQ
1699,D6QjpWAN6muF6AxD5sKCxQ
1700,nHwz7dwShP8cLfeCjDrdRQ
1701,IgU9nNiERp2Gkz7QcSMXsw
1702,Jdcmb690Y9GlwR2ugSYpEQ
1703,VvaY4D5bjNjlDXS0AFrOyQ
1704,gDByKFVYmKV8VgfL1WA6Cg
1705,3_HqhGhTwMXZZLbpCgzV1A
1706,6ogoSTjj7AuOZq9qnWoXbw
1707,UzSTgbL15758pk8_XZ9yMg
1708,JTIbnUsifk_-08r6EfqWgA
1709,LV6_WmOrAVnyeYkgsBX9cg
1710,tqsW1e1X5Fv4zAPdjjjnhg
1711,1GuNIGzqvuLF6fAebFPw1Q
1712,_d7ySGe6uPa9WGQHMADBbg
1713,1PqUs4LMMAFLB-lfAvZYcg
1714,Lj-csYhfbkXIWdwUpGv2CA
1715,1aFu-WWB_5slFJrT7enPJQ
1716,e6jRIO6dwoVWptN3kT-S8A
1717,T1P5X1S7IzJKiwFx-4iKBA
1718,ef6uL-2PeqH1kitVcdTjow
1719,cf6vMpq3bzrjyA0Tmv0TYQ
1720,Ne3FPz6Iaj_pXxzyaL0I_g
1721,-r8tyHl7sOS6eeyY8LetfA
1722,2Pdv_kUYZa0wjX3VDwu_rQ
1723,WTK7mgUEBNp4uzNm7jCa-Q
1724,UU2O07FFVGm-oNDcy5aUjQ
1725,KFsGDCz4ZO2Dwn8ak0aAqg
1726,JMl9i-wq_yAzvusF0Ztvug
1727,NTggKFixR3SKESskkw3Rvw
1728,IYDtkLpxrbrQOG7LnMMW3A
1729,lKlCro5yjQAo88X1t4gn7A
1730,dKW0-dqOU_cbykD-Q1mBVA
1731,7Wac-TRxJIS9dnP8VKsvWA
1732,72XWQHDdhbliqkNPa4d1hQ
1733,_7ksQzV21chln7DershINw
1734,dMPoflAHTt5FZrjzge-s5g
1735,j7KlffoZosU0zdjTolmC3Q
1736,kirr8hpXtpBqv6eHlyZIDg
1737,BnlVRB0L2N62VIp4BFmGaw
1738,CcORzaj1ss2hxp-78jtDSg
1739,DQdJjjqNH_yr8-bBi0v9lg
1740,SARqoIGv80pN_MW4cMOjbA
1741,qBEtVZ5paJYxjpt-0Su8Hw
1742,poIYA9pJYGOxsCIyZwmPVw
1743,wNisE2bH-ab86Qp7sEFukA
1744,DKuFuQsYljAejfmiEG9rDw
1745,0_CG2HJGjGAgyxVKlBgLGg
1746,pmiXH6Mrh9NNuHe2PznNVg
1747,3WNy4woyh9Ih2wr9UcCo0w
1748,JCkd5GzHR1mGK65Ov1BNfg
1749,UTzMShXwrvzyRfNvSYBb3A
1750,D2o7d1lDPaz66_CqCkAZfw
1751,rk8XdNAzw9wT-YQwkSrWvg
1752,-3yID57d0cMpYZZr13CTHw
1753,x8lqmWgqUA2ZWMlFM4ZE8w
1754,j68EhQdQZUg4GiS-3dIIBw
1755,TWbAoLEzU63VIrV1SLgseA
1756,uMBCcLwMNLknpzTvTe9Bfw
1757,oD8lhBJotqCU1lSj4B3I9Q
1758,NaKzzDKN79r9D-fMxfUZmA
1759,Q3aSya19tpXN0vKwlYnaPg
1760,kQ4xLggqd2ocI7Q2mrTWsA
1761,yvUkauH8AEjAy9byjhCzPw
1762,QCJc7tlFCl9b15X17k-zxQ
1763,vbCg4iWyqh9dGozu4OND5g
1764,smyeENLUbQzz8mTwIJmKrQ
1765,nmiZKlvldDiPatQwc_P3Mw
1766,3LobJ-9Pxbc_oSikjCs2tA
1767,b-Sc_mRnCmaEZSqGknQ6KA
1768,TfUknERQV59BIOSQx57Zvg
1769,t7fOnFBXhAuG74hwQ5G17Q
1770,Il8D1bd2FgbeO0Pr3cAcww
1771,kyo-oIRaF7T576MzK1Y7Bg
1772,7BzUuUw8iX6INnEWo6YpDQ
1773,1Up3ZUh37Z8OIan0xQFxLQ
1774,xRITncG62u15lVXaSvQoFw
1775,Qnip6i9Zyd76QZ3X8elWjQ
1776,MCGXinqf9jmRA0rIwcOl0A
1777,0HjNgRpD6-knnoiuzf3VZA
1778,0NL0n6HX6cYD_vbEnsEjmw
1779,nssZNwXxyxA8r88zlUa_2w
1780,E70V52ZTY_EmiIOpk9BkNA
1781,_pSMw2yZVUI_VGdUYT2Siw
1782,GYm7Fb7T4WR4Ry6Udvt6-A
1783,F28hU1PcFmsEYyvG_eFEMw
1784,LXw-v3CNhpK8f4pBIojSAA
1785,-_tfsntrBdzNWxG3Kjjlww
1786,SwIE90OE0A4ztIu1sFOz3A
1787,1oCh_9JcDZ5ANigmTgwsYw
1788,L1xI-zId4h2mL26C6D0ZeA
1789,OJOASkYaH5YsF-GLKcZ_aQ
1790,gttVz7wDqCJljRTRdFDm2g
1791,UkUmQHgXa0jnOlXh5E0DLA
1792,DKaFf0-y37kEzEyNyyWoVQ
1793,WeZcX0rgrq4AuCC4QK_Eyg
1794,H5TA7Um9Zs_vIQxBF0pQjg
1795,v4baXLgZ3onACmrX-U0VOg
1796,dGMoe8W5ceZGkqPakfzJaA
1797,OVGeh0oDlwKe5ZlkbwiRFg
1798,cb94P8v40VOq85TwJw1CzA
1799,DWxCjNlQWBPTuseV9vL4bQ
1800,yg9pahHMCOLLp_Zd0WnZ6w
1801,aLMDhE4DkeBDLqYNV9INYA
1802,o9tOKZ9w-KKsNBQtq6P_Mw
1803,SlMmAU1t0TPcwG2p8RaM5Q
1804,y8iabIrlbl_zTbHkSScLLw
1805,0kw9PdEVcPsgQlhTzDW-tA
1806,nQgcnD4NoNe9IJqAucGnUA
1807,3c_t1lOvdg-EOgVlat8jqw
1808,zlu8Ql5ByJ7ztgz1_qaoPQ
1809,dJnlw89b2QszEho3QIvS_w
1810,yzBoMPmk52moRdvPJsuzCw
1811,Q9bsMOUxlOlWDVLliKSiSQ
1812,bQiBS4bNJmLUxV1bKvIMbw
1813,xfzviHG5XNMfU36fTspLag
1814,Rw6wB8tAG3kK6UH6tahTAQ
1815,h6VpTHAefl61YR7li4lp_g
1816,6YTGYXaGX9i7PpwnmdOt-A
1817,rlikJLDik0Z95uaKZrNSuA
1818,4kyggAmvnuCV68CmjYm5aw
1819,X8xSb1YuSA9132pKXec75w
1820,wukTen4VVfJ_-kSA0nQviA
1821,8n8lT1YP2JaO5ea-T11TFQ
1822,vM1ShAvOFLrF8K2WbAn_QA
1823,TgT0tfpBu3bRvk32t2H2sQ
1824,hPr5ixQA-87OxrycpokTSw
1825,N3lUFDNLJQYd1dRpbrTvVA
1826,K2irDdBk6o-JRSewkMoEqg
1827,t7s7Sd4N79ZnGkAZP6CXzA
1828,TWup5-5kTiFzwGorqfGShw
1829,DD0uXh3xnUyPmX2h932ErA
1830,7ZPp8PJlQtTCeSF4N0tGNQ
1831,b_YLXCHmz45Kv1Fk8q3ADQ
1832,OBjWkOmqmZpSB_OfPcPXgw
1833,r9JJgiHpNLYQ9-p28nhZcw
1834,MOLQcgCRwje-G1TjyuTk2Q
1835,_tinzCY1lTeK2nu8B8t9yQ
1836,N6UCIhIGbmDYjX53h0nRsQ
1837,O9_Ig-pNMR4v8KTKPzUzlQ
1838,NPp4YxjARblWIf1SZoWdJg
1839,KJa94NUIqB-jGXnKvRP6DA
1840,JSLTL74N927e74yHGz-2JQ
1841,Zou7W24BGZQULHEq1vhUUw
1842,sdDacgGI04Whr1oOqOBqsg
1843,l8PwMaoY6Dzw32n2zMIHcA
1844,ojUzLZogbt7rNnmSEm1Bdg
1845,PG6tlo9y_-mtSzZgXMM6Dg
1846,0k7glgZf-HQbn03P95QftQ
1847,Sn0yX34LKMo7REt8HhMpDA
1848,WFGERxQO2JSOhlcO-WKdWw
1849,KrBBWTg36crXHidwmMT4IQ
1850,_31B--Q8eNp8ZLQ8bJabOw
1851,68Ih9ZPaANmAeVdXvHav1Q
1852,CtJ_D7oB5j2kNyCtrxSZwA
1853,8DL_C5yvyV2DLD71VnGNEA
1854,9cScBLBWFSiWzZtGlx-3aQ
1855,EC5-kzeSpr3qJ0MsgWkE7g
1856,enq8zXgocQTuy39HWiFSJg
1857,F83zDkTexWdi9vU_guUutg
1858,T1b4sjLLxwln8YJoBbwyng
1859,z5DTHJ9UH2q12uRTaA45Sg
1860,2C2CrsgvRd9sMmK_rCINrw
1861,siuuUWGzXwpsJAswhQuwvw
1862,FTWdBo0ubeZlzsEBovRoJA
1863,RWNswNz1ZeU_T1whHYRtUQ
1864,9JuTbs5s3WWm-_TUzAXguQ
1865,sbWQCGRx1ujT82YfN3HDsw
1866,AcyOysFrtlgZsGf_VbHlag
1867,rh-nCJHSapz0PW58yA0jzQ
1868,0-9h0LgHXgV-jz5EXWmnmA
1869,lr1GDhMMISqF8NfEmgQ72A
1870,B430si3BBCcULnKBS6Bh8Q
1871,NNyF3mgn9MLYTWPcznHQdA
1872,o-P13Jzk_1ZMZuPfcdG6mA
1873,77091of0hG4JaDZL1FYnYw
1874,hEdi-rsBWyfbfLgb7RYDBA
1875,4pTL74SgCLAzbrsy8sTAhg
1876,5hB2m3zzl_WlGr9bJVCY2g
1877,cKQ3DUe4APR9UN1t1q8Pyw
1878,ZlVP0X46tbHmXB_QW3JUsA
1879,vNGcpiMzzA_vVHrwnN9Plg
1880,B4nCcD2ycRekS3KLXqhVIw
1881,GFsy9RWmPt1qXseS67Y2UA
1882,6c-rDuWtzX8aCwneDTw9eQ
1883,ajm1sqPC1a4zhewZaw8aDQ
1884,BPvDuZakNlzBUqyq_fgqIQ
1885,WF0D9Eqyqgwu8zqG9zn9Lg
1886,n6Aq1pRX1HIZ5RlpVKRLbQ
1887,Mnph0YzocIltP9_216Zpig
1888,zzhzW3DImwhSwpcK1Yuy7Q
1889,NY4Uv_5HQzR-75CoT2M5qw
1890,A_7Rdl3r9gE3JwfZKUCBWg
1891,1JHDCJpVrFLMcyxze3vNFg
1892,HQzx_IsgorqxWuTgLN0G6w
1893,MDCVmqm2-RuCcyHbV4jniw
1894,nTeqPZvTNTjxpC2hu_PlMw
1895,19hIW0uOcbIMrBLRXRngWw
1896,opY0CzwLcuYFN9Ho9mI4Gg
1897,GAltH7TczH1vZyQcOROnDw
1898,iGurr9bNAJ_bQXebDqrvwg
1899,XLGUDJgXAdvFps_T_m1S4w
1900,2XKi9nzRb7hjYJmQYN6r1g
1901,vjPgbOU5wOCxxe1eGYHKwg
1902,6Xdatc0GYyR5wZXDyn1hjQ
1903,9HrQe8DX1QLLQsBHSOGYWQ
1904,yLsKCLmBn6Yvk-mcK0mtEA
1905,8rIQpTrLH1xXz2sheSQk-w
1906,czuoA645fXycMFIZuEAKtQ
1907,y1ABe-dnxxkaB1qeFWwvpA
1908,Jc7oa2TSOIzixo0PsHqKdw
1909,BaUzlieACd8t0KSu3OTkUQ
1910,Gyu9Xu7-I5NVNDTgTUnuMA
1911,uC7bjXLZIIE2WgtC0VWRYg
1912,v5E3mLGPCBEbgL9l45XQNA
1913,trNqOK4uT3CwD_ySZMX6Aw
1914,Tdz1cs9wyHdy4jasl1ZAOQ
1915,OAzuzSsLxQH42I3YiUux7A
1916,y6WMYwlKee-_-fV9jWjWPQ
1917,-Tu2lS5rXXvn9hmaOdsyvA
1918,xutmtuqBgZlR8JkUaohQPw
1919,8dffA5BvuWXc2kydEImL-g
1920,YB0Em9d0LrQzcA0tc92VzA
1921,ZC9rJqH0YFnlEFVtuL9-YA
1922,2BxFrHil8FEeSULjfBkyGw
1923,urNsbcBOQ9Fz-wHyLSTMeg
1924,zS0SNIczKKrrDulbnd5BKQ
1925,dDxJxRiPj-kom2wZ2AwMLA
1926,n2XqmHwadf-TGBc3vlECJw
1927,ybkkpPxfmxV7tbCY9LugXw
1928,2KAqoOuTf5qYipUrV5xHww
1929,tiHhsb04n9RHl8pSK0ev7Q
1930,xqqXMtHm1INLpvnYgz7_Sw
1931,uq0rHcg288BIZZBhmOH3Gg
1932,O00-JlnF0TtbYb3i7xQ_ZA
1933,IRHuypn9UZu8IX1-qMEtrA
1934,r6v9qucjIA6aTfm_RNo_kQ
1935,V83p6pA_jrSNatRE10G96A
1936,V0WbFjEcFNMeQott8j7ZMQ
1937,-m5DbEslreBhsAoKC4tVtA
1938,mMAVY7o3SlaLwmlpC9QCdw
1939,DyEYiC7VAntyjZ6d89JGZg
1940,v39PftbqLswMFsaQg5C9_w
1941,ns2vxJtyMFyf1OuuasdRyQ
1942,P9IdsmeQeU0Rz6V9gdKoeQ
1943,astOvbqncjj5N8lBon_9Ew
1944,Jcpn9Jq2LM_Ac3wKi8_YeQ
1945,p8UMTB5rdnDChvtXz5rdKQ
1946,ovIeSwA9ngff_BgmsPqQ2A
1947,oRc1-K0ybtmzo8wHQ_60cg
1948,5mZEQo9V5QZiBTv-LSVYjg
1949,rL-CTtD802scGJhqQUbP4w
1950,lFQTZ7wJtgG2LRzbaFALiw
1951,nhKVwGPmDjMDTOygMh1Rqg
1952,KxoXUVRwUcfSqqOA68OULg
1953,ymlXjucKtHv8JNkBCEVdfw
1954,sePREFjJ2Rn-oOk-896kLQ
1955,hasQSSQ7XKNsvPbQ7PGboQ
1956,YHSOLCeM1-tL4sg0G4oT2g
1957,HJL2qDJ_QjGkB6P2F3AVDQ
1958,yHMvxCZO8bL7mGnk_jDd7g
1959,S2-3eMJM8pQzqG7KICGHfw
1960,Wm_RiDyFUjk7_0wQn9YwYA
1961,yqYrBEDbo5IizpF2XkuXig
1962,p7hEp1r38Bi2DTxyfHLXug
1963,xqulLCyfy0rY_Cd-oRaBiA
1964,u8v1SNHHNlaIzfeMIC2LOg
1965,6hIBbmGVbjYii3TrohNyMQ
1966,OZ_MU3HPO6WHLBXan4bZ2A
1967,Llck1FDyIDErnIsuttWidg
1968,9VfReFoVrHx-Ix4E9PHYww
1969,MuGnJH11q4E3XaI1mvxt1g
1970,jG_wueLQaRPjDjZyfitm4g
1971,d9rC3j2Dgp0x6fZecinZpg
1972,Vd_oiSyCflKpPLnLDmlHkg
1973,S1AU4zX-NbgHVnZTexCC-w
1974,rxMKT47zI76BpbN2Dedx0g
1975,JJ2yANdEpVgosWAJYYmA0Q
1976,jKtlmVwJiILyVUIW87E1hw
1977,etjrnb7Syde7FhXyjfO_3A
1978,RuRAD1Eny_w1uysqITPAVA
1979,zLpScZ95edJQ5XkCYRyTNw
1980,6cvd-VreEB7a_O8RRfZqAA
1981,NWpyZ0DS6fa1QF9kFfFnTQ
1982,M7FKBITF3NXnGnbrA_t_Jw
1983,M-GJEtqAIW6FKlBf2CHecw
1984,2yjduT-Bt3-Kn9G75RWu8w
1985,kZuTmMs6IG2R-3Q0PwgHwg
1986,GPkd_-7TZ22I11aUI6R4HA
1987,MyjfGiojLzOLAmxpd3Vn-g
1988,p1ptoL_A86Zg9mg9xEaPKA
1989,-WQ6OHTiPoUNxZbJ3UA9Mg
1990,RrQGQX_JjKpoYfcXaw6I-g
1991,sa0-g5utA1SFa8NguHNWbw
1992,obLB1u1MGHjR4awGznGAcg
1993,b9hEnb6OnE0VP45upCAL8Q
1994,8WQHe2ioX8RfA4UG-7U20A
1995,5wVfDg9rAu9pgv5w0QLVqw
1996,p1rH4VbPoAvErt5QqsZWAA
1997,vGWHIHPd96AgAoykWPNCFw
1998,8riAdu4hZIGIZ-J87ZUQzQ
1999,p_oxDFf0LfGveBYwwfvDqA
2000,F8_GSCICeg5Vee4wZ15TEg
2001,FJEmhHscOm_oA1RjkfWfCg
2002,56UELu-NXUzlQ22zdPUpmA
2003,3kmcNNoAFx2-ykeLuvF3bA
2004,ygZzeRVRHtlCE-miaJzDaQ
2005,TKxESyjp_qyn33apL9a3pg
2006,ATT4_YOG7roTPZAtRdScsA
2007,Qf69NC-7-ipZw43CBklwjw
2008,DAaqUgsGiiXy3zUzLP4rxw
2009,oA25H-jtK9bzfd2iOwlphA
2010,zwzLK_GNAokRGe4qLYcpYA
2011,I0DtCAAhlzjXy-xWS-TytQ
2012,cfZqUjQyoPXcwny-i75Dlw
2013,5AP0cGnJJrx__FjP8AHQlQ
2014,h1Jlj5LFMgu3MvP6ZWn4XQ
2015,a2t3DT5R9MS0mIMWGka46w
2016,t2xjqC2y3Wwx1iGiQ-c6sA
2017,iTYInE0dohtGo1-p33mS0Q
2018,UqPxLgxzLwjOWEBsSnF4ug
2019,cPNU25b39eLLlJqaUr_0EQ
2020,Gj4RlXuFKgsQw7tREtz_RQ
2021,_K7Qgb61QroHFEEUaL0lyw
2022,WAjGxck4e-ELBvq_JGSWng
2023,swDc152ytXzxFZg6iqBCnw
2024,VoY7argKfuPkwHExvKUiDg
2025,fS7cY-v78rHSrore0zOwgA
2026,CoaTh4wV5NIzYja3r85YZQ
2027,2sQnp6jfOVrhn6CxraltZg
2028,7SZcGotALAy3D5w72Vdfzg
2029,MpZOFhfD1LSVA0QDAX2fmg
2030,WWJxn4ijf3_V8lvpBX4rZw
2031,7LWQKBF7_4HUrry-wjZnRQ
2032,R_BlGr4GvQDWN01tjfLBvg
2033,59z7so-3jnL2y6ZFtepFCA
2034,zw7ZR7WYdp32EQwwcCi8YA
2035,L2g-uehAggLddHkd2xHZYQ
2036,RIeQBhowCCMMATKncnwcYw
2037,vQaWT8qHhCJXuRI4NeBUCQ
2038,PlmZQ_ZJU6kQuhpynoG1Bg
2039,m-hC6a8VIAQp96kYpVLwtw
2040,T5MXB1-mEp6zFzeHI1eyDg
2041,6bDOYN1cB92oQ4714yhBaA
2042,Y_NC3MrVIiTbmcK-MDrKiQ
2043,-su8VcoVT4fV5dAKHHkEtw
2044,V9mkm2Y2U_vgbGq1ZjSd8A
2045,6Un1N6oQLLjmx-EF9X3IMg
2046,o8ceHyWb1k7h-qEcehco0A
2047,tBmA-oNT_d6l3eBwvJjCNA
2048,mAhdEIhx5t344QB--dy8hw
2049,kUNvbIOGhvs6jSBkEZT35Q
2050,Owy735XuxlqC9qR5K3_3og
2051,ho96ys485-7NJMfDXvFZNA
2052,WRlSavAKrzU41dKMb_YELg
2053,OqSiWQHnqYEWCIJLR-BcFw
2054,xjVwJDEmbd0HoQakW6k7Ww
2055,CvWIo2kSYcHXUQmVDb8q7A
2056,q8TmJvd8duEhEnAs6HaUwg
2057,EfKu8rNBm9GWeUAmXfyRPQ
2058,9gbxEkiIcuREn3t_C-7InQ
2059,g1WjHTgcJCiBqz9sSROiew
2060,kICmn11oNJdGJNHFrlX40A
2061,Eyks6H-tMwXyLH95cmrwkA
2062,_V0TnyTbEER5yppZ9fRP9g
2063,IZWwOnMUVXZBPwQFHTNpPA
2064,TmEUTzKmN3uFP8NTDHlhWQ
2065,rS-Fa73RchacSmfKO3dyPA
2066,yzsyO8OFIRvod76-J5cHFw
2067,3R4QeHG8Clt7kq2Fg00T3w
2068,sfrqgVaaEs-7afZvGITTrA
2069,DswWPI_uDbUbqghnpCpdhA
2070,Yz0EoAIH3m_liYurf8Taow
2071,NMqAOyNp6J3rH5B_RZBbbw
2072,xxUwUcpmM423e_T3W0ycDA
2073,BJX7d3022EWLOutvMnGxJg
2074,0aJVALy940i-NMWDZsIPRg
2075,S7GPadMJzbkM0l2_O_GIPQ
2076,H2jtj13FFh_A8q5wXYuo7A
2077,t5BaKnvhbZ_6U4zQdHco9Q
2078,2iVnO23-gLBM_PTBCLynAw
2079,HH40RudAzOzZxzKyOi-I9Q
2080,CnrUpUpal4UT0iFlFzVH6Q
2081,UuCF0SOBOVfthijFXworGQ
2082,97wHdDZwez9hzf6w4N7fNA
2083,h3pSnF4XNz0bXup9EQbIDQ
2084,1MTcZcDrURlI9Zai1nWNcw
2085,wR2OEmxH-xllzBda05yPpA
2086,u0NkAGi8xYpXfL0dJeSKSw
2087,FnLsgWLdBQ6zhv621OGFiA
2088,K90l5KKm90hf8hPGqZaf5Q
2089,e4wCjo_XSEvOooaTmmqAMA
2090,lMLGY_ofUhjHNcF1JL5MMA
2091,AbaPftAjfsk55PY_ld_Hdg
2092,vGOlZFjrxfFmBxkYsKpdsg
2093,ASFRtzeC7E-tPGebfvZE2A
2094,Tkl_kGYEHvF-nXnbrMdEuQ
2095,kdLYcELpQwGmqkHUmhO6Dg
2096,qN3e6BzxKLyK1NFTUJIQ3A
2097,jG5rs1PJgHo1ZluqrDS_LQ
2098,R1TROVve57Et_qngtetVZA
2099,K1cqP1GQ9fLd67SkJHx5FA
2100,EDbN0ARcZ7RFGhwHJZH9tQ
2101,T8LEDX-OBBvliL6Os_nn9g
2102,jIOJ_07iD0KJj8SUyVZl1Q
2103,D7_VmEXN3gGoxST9JmJ3Ow
2104,3nNGmYNOP9WSB3pa8oFz6A
2105,GE2yloVd11YyU7OhPi_hNw
2106,6tflUMFgAzSDOvsPzRpR2g
2107,Ycqd20Lo9jhGnBNgSGWd1A
2108,MNf7kbBxHLWEN9Kjk-uizg
2109,smRytI9wnhGMQK0U9H25Gw
2110,Y_ZQSydkAzVcRmgcK5uthg
2111,hibUR27n88rW14sgo1AvvQ
2112,DLrxn_sdppjWXBS78LEJsQ
2113,u2M5hV7la52Ym9HPLujBhQ
2114,Q2NuaRiyMi4VDJDmj1ygig
2115,dwr8z1uVvXPrl5kWfIiNFw
2116,7GFa4xiQ7PNxYrIU4Iq_RQ
2117,T5PXQ46NDK9pV9ztsojcdg
2118,1BeJunz8wYpPHKDPZRW-ig
2119,XBV23Wrz73oT2Uw2_FWbyg
2120,mN73hdPGjRwX-xWq3A0Q1A
2121,aiV0E6GVKhqhnAwZEPBYqw
2122,Ug7EyJcrvaS53zKsLZycLg
2123,mp0f6ykNWCO4HOY2zHEeWw
2124,uUYyiTYqaJ9vwR7f2t0Xuw
2125,I0U4MQTiSNdGmpYoNcrimg
2126,yyxgqFycOD3OEDwydgZ09A
2127,P24sQOgzYFBvR0gyTe-9Lg
2128,8BDWB7Dz9Dwws1AI6xy4Cg
2129,1GYzYjw-eLqppSL1ni82sA
2130,MJuJi5bRJJZIFPo8JfCQkQ
2131,Ivtz-2q7PiB6Y6erZ7ecgQ
2132,f9IUimanA-2cSBdbyNljyQ
2133,gpJ1sGkAhS6Ai5jxoNhybQ
2134,NrHeAL2bOOkBUvOyXrli5w
2135,xuuJSD0Wjc1WMIbAIEObng
2136,Uo97ZeBKEMuLiYiY4oRqow
2137,PHiqb2jbqombD_Yw10shJA
2138,0tAn4SagXGaFLlu7LTDU0g
2139,TD93tTmCi3zFdeWR6Ckj5Q
2140,ksBbMhE8qOgsa4__tzHUzg
2141,djK2zdvNyauJ_OruGBOxDQ
2142,Z-dWyJ8aSkVsO15eVirw8g
2143,2aOyr_ZoQI4Dn1J-By48KQ
2144,KWJiOihr3-gUqBkWsfd5hQ
2145,kODQ65KAB2XC_JWexHMVzA
2146,MfpdxVLvgkxKoT4-jo5zoQ
2147,OyLTo8Y0dcGn1Eaed41lzA
2148,Yeo8CgzEoZrPKUQ_seWYrQ
2149,kst89zvoXV4z6q5XxLs7Rw
2150,-XzWaUPuHrtjdmnPvj8Qlw
2151,Io1aKHCNygwdRyOpexok1Q
2152,e5rpavzu3QCmB5sqxA90TA
2153,cbKLhBKS7V0kZ0fvjjRdYg
2154,lfpHRvKwwJr-POf3Utdnwg
2155,pCIKGjCO2HQM8fGagQHZiA
2156,_x1e2G-13z5nwL7UH0Qi8Q
2157,-Jj4iS2txnoblMkkgx4mNg
2158,ijJyVw-8eGclxriQCshOZg
2159,THri70cQQVQtBAiEO1bzEQ
2160,S8zjANljmXu7hTXaNfpqgQ
2161,JNkJNp_B3He97H6v-VPbZQ
2162,SbzW-gR_FbEmMM3dXjoZwQ
2163,K1wlA6Nx0y4WWVN938Rhog
2164,UvdLXoikB9F3-UZvk3V9Iw
2165,ikkOWtxLlpMorYe1llzLYw
2166,v4Eu7CQHvwd2sUCLw_feug
2167,8zWuXotolHSPg59lg12l6g
2168,Q_Bn6erwzVHsIOJ6JM5E7g
2169,gUTTmF2NwzKassVbja0-yg
2170,9HsEDXNOilWkPZcVr-ks8w
2171,L5SMckJu1odIipvWE8iyzw
2172,392gl_lhDtpAsqAc6fN7Fg
2173,_jWG54FzElCn_Cx-pXbc9A
2174,-UzYgyDoneyWnhzAYPESZA
2175,t2YlrVM54REvC2eEKG0VaA
2176,Hz9ZaFfYAAfQ-FoMz3ri1Q
2177,_wHI5_O4HPSSIXLtnrqJOw
2178,_AP3c7BxCpGTnA0hI4-vzQ
2179,7To7jF3FhnKPin4QaPVCiA
2180,9Z5hr1z6TSpmB3frAuX7aA
2181,LAtApMXe2ImSjNgwTMLwOg
2182,Ad-KW7oyBTevoHYQKKQ6uA
2183,TGUJU-eMY0doQ5KW3ULqqQ
2184,Wj5Tl1oiqcwATnqaGx0KNA
2185,knQE2Bd6kyfnTRybhkuh_w
2186,hmuy1G7DWsqkv2_cDpnPTQ
2187,pn4NU-CUaSl5c_p3xx0dlA
2188,WLUqRtr5x-uX0NIcNkduuw
2189,66lcsXVFNVp1tPMHheSepg
2190,R9uAC0qIVMDQ8mEtwY2ZYg
2191,HpbQ-z80KTuXmI22N8i_vg
2192,HRJXrlHvba77mu4Yyi0QQA
2193,uzMVmXbVS3KMXDw41rLGeQ
2194,GAYDEG8r5quSc9IjwxjNzA
2195,obmovvuSJFwj41NuGwvojw
2196,XglJmedMBv8J9rG_rz2b1Q
2197,ipqtSViaoD1ouoWdkUrRcQ
2198,rDsedhWUzIhcXoCeWy2b6Q
2199,ZD4BShPzCIksDSWzrWr22A
2200,HR-iGtj0w03AkfGwq48mxA
2201,CY9bjqkOIWZpWJVC8kOgXg
2202,QoIel5P0AtRolvBbpeqDQA
2203,qh4z4Ubg6Op508i0NYbyWA
2204,d7ChdJOIon7ABnXXfSwprg
2205,DK7NmLXyJfLi0Avhah0nRA
2206,XIG3djQzkwR4qdCgG87Z3Q
2207,Nz7NGcbodsKfEc2GbfWSRw
2208,oAf0JduSDQsdVBXRzNt2jQ
2209,rQPyljpnJ97j5VdR_ptTNw
2210,yLEOt84SO7Cj0tZgIfTmig
2211,0TgiBiSmp6cHVGqDuIkANA
2212,iMEbDj_PMX9fry8ISLCuqg
2213,zUb3r2w35XIdiP37y_kEkA
2214,PN6o2ktnGIn5HgF6a8XXBg
2215,wWEz8ZYpjv5PHwbzexFX0w
2216,PsQV3uWg99lJXZpYPdpDGw
2217,AanCeXJhhoFeubbt2GVdYQ
2218,e0Gu_m0aaBlKha9uH9sVcA
2219,SCrMkGR1AWgfnpI09wUJcg
2220,ecRPlz9whuM-aVw7wAWg6w
2221,kHLLXY6nmb3W9VUDVr9SXA
2222,g2WV_6iFABr1W-3nULn8hA
2223,YScMKCrDmTy808aa8SLT5g
2224,HVuATnPVpLjUUTjHuYkzTA
2225,DoRycSLN1OYl7TSgDDNbBA
2226,fyvl8gejI6doq6mpZDIIOA
2227,8MdCSXPFHAqJnmCOLp4rIg
2228,XcWfNJ1L3KfiStcyQg_k4Q
2229,6mgbxYVBCFB7cWx-cy5yLw
2230,3PaIpWU_ErlrT2eM5XGOAw
2231,ClGq_SWGjxYb8027phlgqQ
2232,g054F0-_WB-J3aufvR9XBA
2233,4dKif6ewvj_b7kSgscjiDg
2234,W2nbW4ahxq3Q9FVN0IBkBg
2235,Eu04mmnEV0eYSJ8W4-HzWw
2236,_iwP-izheKnjyrYbM5byBg
2237,TKBu5-c49KclNqK7PfggIw
2238,vlonm9-LTjUjNMCGL1Xf1g
2239,osCuqNv5HDTkPNdW_jfrmQ
2240,-EdhrA9PWMy6P8H1Ou6ovA
2241,4lSmw--50ZrcwSsIBIq7Kw
2242,V51PrjqnTkD1RQ1qxy0tSw
2243,2SNjQ8JLEOFFdsj4cykX7g
2244,WtAyuhyVG5RNphiajx-KxA
2245,zyFBiG_6CkXnGOQwLjD4sg
2246,hTYYvaZ3lJoEvD8ZN6ur4Q
2247,IqcP5bBkpOA6BBT1oM7cDA
2248,BVDo1Kgdi-_-vql5IEX3cg
2249,uFceulPQkYaJ1N9hyWPlcA
2250,o-hLCfcVvqH-QlPwUtYhfA
2251,gY9DuGKGWCOnMbBoAKsg_w
2252,wRvUBxgP0Llj2m6FCa580A
2253,GbYXYeNV9Q7q_AGOwRueRA
2254,5URPF3GO1N-mR9_84zjTNg
2255,aK7NtwgEmZ83pyVfaJNe1g
2256,Iq0AMqekTfmtBmVFSQDOcg
2257,eJRx47JHV40pW8wSlm3HCQ
2258,wsEpY9SKydAAr5ESWCEo0Q
2259,v2cSiPxkcyQU6LRO6clePQ
2260,t3rAWJwdiBfXPery6nDZHw
2261,fbZxyMeplB8d1Ysxo1kARw
2262,a2f0FGoqsmZm6iPVRXXkGQ
2263,PA_uPKMxTSkVJUlrNJ7mfA
2264,JMXXO3Cc78TfIQf4TKIGvg
2265,1vm6pUtUs3wK-bBfcEWl4Q
2266,5dO1hAptK5fOkQFo374mKA
2267,3Vfq6pjpaPLyc2fE1SDnSw
2268,1XYidnAiWQYOw9tNvVupYw
2269,VR-1-DLQ8t-OlSkTrxLobg
2270,LAGIF3moRmXtcgy6Vix-RQ
2271,FOBG-LVQuWK1HxVfec85Eg
2272,kr0YRuWURtN0fCZH7BEC1A
2273,ykn0TT8_72yOJLlgPChjyw
2274,8t4Dba95OeFtT0DIqWKPXg
2275,0yakdKkF51G7mHnoRxahTA
2276,ti4Y2oCwBdq-B3NrMpmk-Q
2277,nNXdKc_ertsZyDha-EP29Q
2278,ls8e823HeYi9WGiKK524bg
2279,XSHfI03HNVOuAyz9Hr8okA
2280,tBXNxAGQd6SxqmobfHUJ2Q
2281,DLo-fydAz3wKcU-QFgqV8w
2282,pCyzMEzeBAjnZhIkDvSD4w
2283,0gf-Yj5sEUy9fLCPOh63ng
2284,u2QwktUBPjs9re_QhmI1zw
2285,oUwpku1TJrlRAe43D4aAOA
2286,Tr_vIZJtsZzM7XWuEGYxgQ
2287,LM6qPr8rEjqpCndwFy34QQ
2288,E3Pl5I59wNnI94we9ZahUA
2289,SDUaaAExAVfo5YOxQYxWZQ
2290,ZrYZkb2gmJiQPoosezmmtg
2291,ljpiBFSGgOobhrLVmSbQeA
2292,yh22urUXpmmVVbyFqcpLhg
2293,8kYDzNXZKaBojkJRfemlfA
2294,AqYrDAMzoRER7Mj8bJqAXQ
2295,-HXchurCMn63IUz46mQ1yg
2296,hwCz3dtXNGhg0TGQgSjSiA
2297,GMDzyLLklgr59gB_4SVLow
2298,zZPhYSjAtc91v_wePw6xyw
2299,jBVtUIShKUr210l9ZONERw
2300,mi1OheI1cFxvnl3Txt28TQ
2301,WzL3daO29hcteDG1WdRotQ
2302,FzQsVxhvo99pGllBosHi2w
2303,7MXu3XDmSBRPo_35CYGyYA
2304,BHD98HCo9kf4hkSXpIiarQ
2305,8MxY8ckIhcRgK_zkAq1lYA
2306,lo2tx5L7cwNNLUb42qbtTw
2307,sYeV1Su8bervEWZNzegJLg
2308,7_985OI8KAdEFmp37vuI-w
2309,7p1zxDhQx-ls2PzwUR8tEw
2310,MFBAKYU-BpjkEdHZo5FyfA
2311,3fxqhESvqDCfxCSAdhUh6g
2312,GCJn6QQJbE46ycfqkxX7nA
2313,5Y3HNQJKxIYOPtDp-jZHSQ
2314,2iCocsJmcl4WvF3bW9ldyw
2315,nHRpwBj2MbTPAkMZ4f6wdw
2316,ilCWdbgTGTMFmLzlC9Yl_A
2317,1J4oIGwti2AY76VfkbUIow
2318,YxGhrps21fWDbTLPhW6baw
2319,-C-d1zn7vllF2sVu09LvxQ
2320,pWwQNnIAyiVHp80y9m73ng
2321,Fvy1h1DQFWAFOPMpzVsLjw
2322,vDUBFxMBt6h2HggcEmVv-A
2323,Z7Zc3jNbiww53oK5aqUI3Q
2324,hQLs6NrZbwK57Fqp2lGKkg
2325,pqU0Z_dr2y51e-i6yT5BHg
2326,mmfQ13y5iTQ12_Gi1wVBNw
2327,kqIpSW4SX4iqNmZ08ZNSWA
2328,RZRZeFDqPJXq485DMUJh7Q
2329,jIYxgl-1OVHcXmnRXo5g-A
2330,_M-YiTh4cz4Y2OQvkcRRTQ
2331,bnungTZU1lnjLIrOber1WA
2332,7AsM-AKzevwYa_h1gqNqsA
2333,iQMIJhaLbcOgsf2Ukr_q9A
2334,ujqK3nV7rt_AGRJZOcDAeg
2335,PggQtxIbE2VeBfr4fvl64A
2336,zlRSMNA9YhQwil9_s06EJw
2337,_9RMCiDFajX48k12XLnYgg
2338,2jxWAJrqC0kfuhp3PXRFUw
2339,FuxTgSAYe3PB-Gkl22nuVA
2340,LQaE6pvNm2gNytvTDTrrOQ
2341,-_THgUIbxjhc3v4bLSY1tQ
2342,x0ZA2JmIyq6MiWM4ILI3yw
2343,YMVFlBPzzSJUObf8th6IQQ
2344,K93ffUHJCz6N_HS8DWmIOQ
2345,o5HSrzL5-63gNvBYZYSMyQ
2346,r0MUFDxnR6oil-tTrm7BBw
2347,CDV83N76Fj7CqLKSN8DGQw
2348,rLKBJ74iC2VebX7L5X7EtQ
2349,3BqNgB8YF4RfciMxcOqm2Q
2350,vOhmb9U7akdVrJ0pOHonjQ
2351,0tvp5-2PyQlIsbCl4mxh2Q
2352,LCPso_j2icWvJI1bHN9uDQ
2353,3jEKHEg4be0-G1XwgCgHjA
2354,lXNqgTdVej2ZCbnP2Hc_wQ
2355,-_p_WEM0W1oFgqdCUewXHg
2356,9t52N_k5ghgXJjB9d-NFag
2357,Hfd8DUstaFFJ6thN_xb2oQ
2358,nK8JQlU-TKmFUP-twpc7nA
2359,rSP0LiQntIfrWbiabFHoAg
2360,nmIkcRMn8XuXf4GSSSt5nQ
2361,IQgYEAssY8LN1OzDDVeD2Q
2362,5JhTm1B4rrRzY7-zcQyMaA
2363,Z0AGvHLfGZKH-TVIx-Deeg
2364,2vfPnzoLmSbYypH6nQEEiw
2365,H43-TL47hRdiDmZUN-hqiw
2366,kpyzIet92Xp-Zn9NrYsr3Q
2367,tGaclzKtg4jetu2MJlRmNQ
2368,-UGprX_s-g5TNbAPdyb2DA
2369,ecZrfgbDJCqkZV8b_J9LpA
2370,s3rKIPN8iOofVMSZfXJftA
2371,-0zqgYIic5BUprV1xAabDg
2372,_KTtGB2edcjK9JEm5pBMEg
2373,Skbncgbue54suc-2Cv1bsA
2374,7al-K--MExHXPBRBelHutQ
2375,PTOt3_lgqvI1UAP32c80LQ
2376,CxGYjwZrSyIy7tROHRHzMg
2377,Fq_s0_dv9KQ5wW_-05a-BA
2378,adI9IbzJURExyW70VlPM-Q
2379,kusOEfY6ts9gIuBlwS9hog
2380,I_ObbXRqklQmV_L_QLUKjQ
2381,MAVSv6Gm5KdfxpwGCEhb_Q
2382,LyW3_k60HBDG_wIQuvsCbA
2383,_QykVxKf-jKkARAwBdnE4A
2384,7b7e95HHnUrZI1umPzJTcg
2385,Io4xX960s7vtmm4BbOo4KA
2386,syNfQRg3DqBkRczqcPtjoA
2387,s35elIXzRYBaAbtVxirhJg
2388,4iaAezy5-l6CpxZa51mLtA
2389,-n09dvqcKYzZeen4HdqReQ
2390,fd4D-4eIZ94-F40at4G23Q
2391,w4z6geOEZvbgKrFjKs3H-w
2392,C9LQUzdJZnyxS6eS955mBA
2393,oa9wmUVy1KAep54VwmBqJw
2394,qCxK_317ISXsksHV-ljwsg
2395,Fe909fdc0sP8X19FPMJliw
2396,wAjh1TeFjHMVX0WELqIfTQ
2397,cR93zoRH4mvN8N9rR_7HbQ
2398,Jenmcivz8o4InJR_9dQDTQ
2399,G-BOdsYWgDETuOJctKfjiA
2400,C0fGT8K2woAeodsJgia0hg
2401,83vJjEwNJjoGANql4agNrQ
2402,r_nNUfaUorluV9CA0Cv15g
2403,_IPUEiZFc8vzsXp-BSlpIA
2404,noKQwODkAAXMkAVWsUxZdg
2405,m-w71FOXIt-ou5ctGQOTRg
2406,TOb7D3LaN4k-3v3o7vv1Qw
2407,KeIR0bbVXvCuOCvOR7w7OA
2408,r3f6b2OX0CKShQREe1Gvww
2409,0pTizyj49v7gojQMU9JmYw
2410,-jTp8v5IY1H51InBjqZ5xg
2411,H8Z7egrCKYz0mc74W_Oo0A
2412,9KmcEkd8pNYwDwSNekUsOQ
2413,yFGgO8sty7ScLjv8BQA7EA
2414,OhlKgxOn_CtYK3vfBXazSw
2415,Gxd08Dz9h2RnAULoxB0ndQ
2416,fI9ndlXG0DWvlvP4_YfC9A
2417,0Jm4RIxcfipZkl8KeZQVrw
2418,Zx1n9pOOHKgTBCxzsmvENQ
2419,LxaprfKjoAFMu2suNKUrsA
2420,pHXzITNIzNiFAfvQ2SmuHw
2421,6Z7k9bCd0eKRMAJrgmpttg
2422,a29ve3C8yddi8brLNbS0YQ
2423,UmTx5k_Uady_y6QuDv5UNw
2424,YzsxnL9OpqNYeQfd4TS2YQ
2425,atSGsPcEU9KAC8uBeZHuvg
2426,_0xMKAK1_ODB_k1CKiI__Q
2427,dSTtdCdPFdOWmX9T4XyLKg
2428,wp-FjtdlVhKdsFOmOoDChA
2429,-0bl9EllYlei__4dl1W00Q
2430,F1nCofbrPmwjoqtig6IXjQ
2431,80jt2HrqXA5jqlMOhfpPhQ
2432,cJ6Fk_j8b5LPZV8T-noqWA
2433,hPXN65OQeDj7aF9WbHdG6g
2434,uMhQptdcvR1LwsvUCGTxaA
2435,oBreHv0yJtg1xnS-2JKkEQ
2436,BPmeW2bZBY4aQbu_E4Co8w
2437,pt1hHwfSoTJ4eo8atkDHzw
2438,sIrAwrRPM4KTD6fajS4_fQ
2439,NqbkQOyymWktiq5ulrl2BA
2440,0KAqZTv3ZLh2EoER5B2dvw
2441,5qY6LqQFupz2Dm8LB4xkJw
2442,_-lfVoZxIc-ZJPeEwr1YqQ
2443,P6O4JBwMN6fZhUQiAx43Kw
2444,9czNIwVURt5CFBpQLS5oWw
2445,UMse-Y5KTmZryrTiFqyTIA
2446,d5ebOjCTjF_HO3N3vaQ4NA
2447,xF4jaaESOYMqjDExu9vDnQ
2448,JvdpALAa8W-DxMs7q12DEg
2449,tnh5sE-eALcXB-IJaIneqA
2450,2Py-jEUcmmoHjTHvly7iIw
2451,sAh6lO-eOXb_RABCUSDs5g
2452,VITFQQrzkyRnLelvMtULqQ
2453,01mYDNFdXsdm5RyDAS01nA
2454,8TD1ThsmuRe6WIdbdHb8yg
2455,hJ5R-lfA3H-V1QuguXwGEA
2456,f3HFehCTl5HTsMwaKen4RQ
2457,Ul2QB8Aix9ATXL1xgPSq8w
2458,wyqouyZTP2qtLs0sdQJSOg
2459,aIzLOo6dk92DDts8YpyhZA
2460,JS2lVUj8dVwx5ludlpHRPw
2461,jWCL1LjdDBklc1K7hvFMIw
2462,XwoB4wyXhsVVm9YxU6V7Bg
2463,2AprIOXe5TGPBuTLzxCodQ
2464,mb0iPj7YwNpHmngLPIaS7g
2465,yaMFJWd8aDipVDRNZjxaPA
2466,Di3rTDZIkaJVbcNB3RFOBw
2467,EFLWK90d4IKBB-WHQoCz-w
2468,aZIfPq21pt1YUosuzD5z8g
2469,Z6ASQHsJtx2K9TVOcWj5Kg
2470,0rcliyzkbfM0Lap6XGf4DQ
2471,NNunz5A5Zw_DhxfssCaG7Q
2472,vDbX8vghMsFdHqbdga7ofw
2473,TsLM5YcTp2ZO-jE79IRIDw
2474,WpY5Vz41ArwvxTdr1CINHA
2475,y_wNuGI6cXuto0tDffkTKw
2476,EqRcCaLSWokuz5Z7MRpzlw
2477,9H5EDAiW72v0dVJdgjLY4g
2478,2FeI5q8Sm1Hk9jF4XGJbgw
2479,whMeHHS163GNfgf8NRtMgA
2480,ViCyCbRJu6tvzLutn4szGQ
2481,nnqNmFMLxDTW-SyOr-UXvg
2482,LEO9b289aqCCK38zvIo8ow
2483,gPOBhJ_Brqt-OOdYhoXhlw
2484,-DRpMxRhHEKf5awoVpROkQ
2485,MAAXhJoidk0yHRL3quu5GQ
2486,ZWR_GINmfLCKaj68s62Pqg
2487,qOBPYe3WoqGPuHh9BvyEnw
2488,PBhEO3Bnh-kMl_STnp9zAQ
2489,56nIH5YfH6oTgMxvm46PoQ
2490,onxuYPsxq6jU37jsIdjbfQ
2491,79n4ERovIayh_AKwtV3UBg
2492,Py5MIX_zwzE9SLi0onLLgQ
2493,-0tJ4FwcNtJjil-ZUTy30Q
2494,8HKlwmg2m2oZzLwTasAONA
2495,hdoCRGSy8V1wPjwHDS6iEQ
2496,z7jeSqq9CEP89mw6aEWcOw
2497,DYm0Z-n67LYqzBgkA7ZQlw
2498,4vNJBpBspRQH12_wgvPsRg
2499,xARdRfoeo4VjazESKLB3iQ
2500,fLxMEtOihwvVmhmQrvT7BA
2501,hjOiVuECfvugj7AmVClQ_w
2502,ah1x64Je5iIRp7xKqO_aVA
2503,3WvnsAqaUV3Jte-_QQFcpg
2504,l4L4jJ3y--hAT7dF1Z44bQ
2505,ZG_DMSNhXhQoQlFBx_qK0w
2506,e1m38tc9il7hAJnrsOOVIg
2507,sLlTnKb_RtiJcUcVKesJxg
2508,J5_8pBPpWU6fLCI4ykfmkA
2509,XElKuMMgMRfMRopqY3T6uQ
2510,j2-KbbQmK38ftDnTkK7A4A
2511,qh106u7fvDwe_jqCsYB74A
2512,4qcd2_d3h2eJmvUwUbmOFg
2513,N95YZ9td9gUe02b-PwvDMg
2514,XSYFZzXFY5wKMiYCf3JNOw
2515,jCq0tv_OIWOMtVp2-nKXHw
2516,h8_Y9pHE734FagJtRKTrKA
2517,jNVMuI9tY0Q6EjfxlAnIQA
2518,0uwFvhie3Ged9bzLNHbV1Q
2519,icQdkSy2Dkx4RfS1IVjIbA
2520,T795wfMBGCxsTYif-juSrA
2521,B_yl0p52PnRZXIkrPXx4xA
2522,7hygeQ-R2TcYfkDBYss-_g
2523,coSa-UgI7Wk4lpjxlC3Cwg
2524,b6Ni0hqB_DIg8vNAM9eGWg
2525,tNdowObk-ct54LMbVNr9-Q
2526,sQtXjJvdzfOXtB_TrcZugQ
2527,R98zudw14ZLyTKrkq3ByLw
2528,UZxa6SQoaQMyDonQGqpV_g
2529,TgmVzX8_jRgcGR8RnzzDHA
2530,egaieBcnSZLYGl1N-_CtvQ
2531,nWq9mLsJ96afgbAGdmS0vw
2532,5VRh8vVfeKrQltWjA7f5pg
2533,2KLK0wb0gRJEdJwBbv2lvg
2534,ss8jCBUwPvQv76BWX7a9uA
2535,xLmEu0YFMXOig7ZmFun41g
2536,RGqJuC-Xbb_GhyB360QHWg
2537,WvvHWkRSWqBiNKr1LAmJqA
2538,WsFK533cRAmK-7ij-QcUdg
2539,RY3TeKXLz_ohplkQNDsHxg
2540,LTt3uJvYWH7W_S576ZR_wA
2541,xGuVkR86pIEEjNzo5PeI1g
2542,KHHWnksByK98R5iH8irYDw
2543,hNc_8wt2_bu0877mb01mJQ
2544,C8vTTjgcdzf73kZXsMeMVQ
2545,n-fNpXGqqnu3nXboIHFp6Q
2546,jDa3gDPD0AGLrCrUQ2rsAg
2547,lJbcTmZxxbLum7HRRydsfA
2548,3sbzZOqIeGwivJFbRy0itA
2549,lKHUXJ3EMlfecn8JYi8sXA
2550,rxwJSo1v8IcVRLlDKPweLw
2551,O63Db5L0n44QWGPQCuPhlw
2552,BrqUj6jIMhqFjC9nYTDYVg
2553,bij6E02xKnPlZ1Vdo1NAOQ
2554,Oi7zNRROJa17Y1-IE7A4Gw
2555,GVl-DIU03a_rMCpgcm3J3w
2556,-AHKE0bfdkCclKUGLV6JIw
2557,e9zlvyz1yyOsq2HUl9jtGA
2558,Bx3HdnM8X2Zzw9RBHITj2A
2559,EKLb_PG33FVjtJbbOksAeQ
2560,WUcfvv4_g-x86EENsxddBg
2561,sD5h2W8uTLm-MXXNCSo83Q
2562,cnW9sfsOJYRa-aKkWzX-hA
2563,clTYOri-NQOZOe403i1DQw
2564,oE3Yycf8FH0kaiPd-nxAng
2565,lgzmpDKKyZyoKQ6210vsIg
2566,WJLnoFK7og-LiOQ4ABw2aw
2567,VaKRpsKQhBmRKGUkxPmzEw
2568,EQdlDUTj-TopflIpOKKLvQ
2569,MDjnkjscrnD5LO-GQs95rA
2570,6V5vdMXv2QWgQIpfNf1eBQ
2571,qnGYMOBcE0Xge9mFt7-nyA
2572,EP3zZYU2fRhPnl33R41LxA
2573,90I-o3i_sulkzOkFXwUKQA
2574,AZJGud8N--ScMMCcasROcQ
2575,0MdwA1XvrmrSS8vpfLwHIQ
2576,VXzEf2mxHrsL349qISmJOw
2577,e0AxAxxqmZCfizHhBYOPmQ
2578,A1yl07aIgJSSHl6J9HZVBA
2579,qt-6KIQWdGgL3IwOxic1yg
2580,6cIZhJJy2LgLID1u-sxvmw
2581,1TnTa9GtHKcUc48TdEQHKw
2582,43fGLtHqvdtxy6S_gT-Lmw
2583,55J_rNyR7HW8aDs0zJDiTg
2584,4yKkyUCqyTxVv7Ouj3ftrA
2585,1v4wxd2mhDf4nrxf7DRDgg
2586,pgajZPWbgEDZvuxcGXu3lw
2587,pCOLvy5TzYg_tAe56AWlGg
2588,Hpw6700ePM38apWUdpE-mA
2589,8-gMpvexcH1mrApghRiAhA
2590,PeaWF6GhgJUipbjpxQD0kA
2591,4E9PSb3q40oyjXfujUKqXQ
2592,STIfrm9cokQo5dyadEErsQ
2593,BYRI3ajety8cHANAN0JNBA
2594,8te-55rm06qO4BSqCYsDNA
2595,5TTr08j2W2Fv8jkOCvUm8w
2596,eCccqZeN6EXWslyvR2Mw3A
2597,dQ11ZA2RFgEgG8_hFb-wCg
2598,pijH8mnPLs49li9ev-giDQ
2599,JvYzqBdtUPbXvHU3NbwoWw
2600,0SqTP0E4qHApit7b3u-AYg
2601,VK7M18Utdl9lriLFMyR_5Q
2602,oEvKefEkMhs34b3SZ0yWeA
2603,vivmVfxNTEEPVCjKE0fCvQ
2604,X6iYLA7Hq7v9_A0A8OCBwg
2605,RzqrPrg6tKWQg9g4Zg6gnA
2606,P9JYzGyz5FOmxnwith5yEg
2607,8UgadStqK8dTj6wRLg3CsA
2608,UTXq5fYPfWHowOaxcBYWCw
2609,7yip8dZpE55nu-sdErpb1g
2610,Fm1Db2rmirrHXoHJgfErXQ
2611,Z6QAeL9nUlwKvps_MYf3rg
2612,6wdnVxUD8VTtwhe2sjcZ8w
2613,Lg9soH3k5jAREqksu5gLtA
2614,msG4hcX_QcP-vG6IKE_9AQ
2615,pM8Zbk4Cq1cyrPj-lswIYg
2616,rZte6r-WgfXowypFXyw77A
2617,ISt8fQEm3Imeu7IIhB7s1Q
2618,h5jglymAPqvt4VOpU3MeDw
2619,abxlR9wwMYIRgGOr7rPQ6Q
2620,kySoiSOHk9szKDmSHJvErw
2621,rdRbXnTBqXYWAgnrSxvXyg
2622,89m_LwGShCbCMBK8ztN7oA
2623,9arOySj0jn0OytLCDF_SlQ
2624,mCUG1X42cjrWobtusxLgSQ
2625,vb8wZULbsaMxLnf-7Rdbog
2626,wK-25mYloluJ1cZ9HEy21w
2627,2FscRDRnbsaKrLhI_Lo9pQ
2628,UrND_pZXtxyhNwggGMhBwg
2629,uGYGiIQW1Sb44KyGEZHcaA
2630,mRu8SmOrVJObZgm_dfkVjA
2631,6RzMa_jixSq3oUfrzGOZvQ
2632,hGf9jOTEzVPAa1B--nRViw
2633,KkILzOZ_Q8VOnqZCjweXNA
2634,Wisjjpiz50ki7jDWrhgq2A
2635,DO7PzopHJKwIXRQqDGlxaw
2636,9AdpIYc0m2FlrVd8iZYt_Q
2637,6WC2MEdR1SQeESCDyVh2UA
2638,66_04nEOBGN6FSpiNt5aSA
2639,BVvgk47NCqJnAuDlr2Ld4Q
2640,VkdrMK6pnVn1unYg94Tsdw
2641,oPb4sfxNAQx4BjCAxk7ldg
2642,B16MXjNVt1gqBy-trsId0w
2643,2N_CsFJdBNqSQY5uSsHbvA
2644,cgjJT1XEeOOIPUbtkCmcGA
2645,89evOQi6sriR5GdBsWwyUQ
2646,YeikVsEAY-YRfWTpUCzqrw
2647,CopASILskIXX_of0jJkM8w
2648,gtvekVSN4BAEY-EoAoon5w
2649,Fjsn95e9LQqukihpZ9sYbA
2650,2E1Kdwf4BXV8c7RC-ThkwA
2651,wWOZWs_ccPkHo6wTr36S9Q
2652,96iDG09zqYsmZ-1_dQgmbQ
2653,V6CvcE3WJxRe50-r1T_juA
2654,3_kvfgMaj4c4Y__zH-wiHA
2655,O6m49LJU-nGtMzKSaG1lLg
2656,wtq1SM7wJshzoWgwe5abbw
2657,Y4UKrm19_sQOvFagqODRHw
2658,y8iefIzc0HHpB0zN76A46Q
2659,i_TlFISkpZiDq47c1CTXow
2660,HUK5fDaXOPlxhFUdAbZ-Xw
2661,Q19gSL2gPn-v0pOsnANuRA
2662,C3ITrzv55LyMvwkm2Z9-5g
2663,_zBGLuqsrqpTGtO9M1Ql9Q
2664,9p_tVu1JDb8Z290RNd0AkA
2665,D90zYKXq1HcOiWfBgcaWtw
2666,T5qxp0rdLRYPRduelP2QsQ
2667,wbYlDi4iLSsNA4pTenyS6A
2668,Qj4wpR5kv3ISSOJyj9o6fg
2669,A2tXgZtJjjjFqE6zVT_8WQ
2670,ffO3QtnnTGcBHlYQlBu_Pw
2671,iNCm3BV0bTOfwdwNqrrqsw
2672,8jkfKZJDONEieRXgvEcfag
2673,XEfnBD_gNUSid2I404v2sA
2674,Lc-GvCBmXmf1HF2eMW4zuw
2675,LNCrJTwjH9cOoLjPOzppmQ
2676,s7M5xTPh5pKHU168u8zFtA
2677,d-Cy2Vijr8qJ88UtdHu1tQ
2678,3X5XdSXWUmotmNocS5qV5A
2679,29ndFZZA12QnjbAfUV5SKA
2680,DVAGv46voHWWU4ZsyFUPVw
2681,KOv7XuQ2XRtNOQObAHerdg
2682,aKhcjMoyERx6JTo2e0X1Xw
2683,KjEFFEEd_r3XqGaWpmsWpg
2684,iO7Gzv9ELqumvuFChf08uw
2685,njceeUFnoGcskUE4milcdQ
2686,_hu-d-tbmtqd8xF37LynpA
2687,nKsSfkNI-dGKZVg0RFzn6Q
2688,_rd1CE66pSbeUKlO5S9AxQ
2689,AeujRrEdt3CshHDMJ2PfrQ
2690,bWpd9zCn33ivzofqPbT98Q
2691,zHezYA7RUlqm3xHwnR7ATQ
2692,yeKb69ODd91AM2hwxI6R9w
2693,sOFdnzA2C3XqkLOYnln-UA
2694,_9TAKW96z3RuWLHjKVlqDw
2695,UZOs6e0NXSIgR9C91yevjQ
2696,9XaFtvHTlz9Bhb-nSlIRKA
2697,03_t9LNPKZs4d-hkmqzLTQ
2698,WVFJ4hC-Zm991OB966LlZg
2699,-4wMopMwxh1p0N7pFFn3Tw
2700,YvaUjvTb3BPbXy7v65aYSg
2701,ANjP5d0cFHgxSDE8P81YOQ
2702,GInXHJNhNeH0k39p7l6nYA
2703,eXd5VziihM2e5n7rydUaKg
2704,Le9FI_FTgln89GLHXJMe5g
2705,sMXA7m8JNxdMlJyu8r_uww
2706,Q2wSUoIxybsTdM04Bhhpig
2707,rU_xp7iqAhPRXdAgPmeAQQ
2708,107RvbkBZUVULsHq_0d3mw
2709,cFkYlHxcN8jOAML2HO_LLw
2710,hKal5yCdbQSayvE6g09Dkg
2711,6_vK5uCtHYkA5EW8lbOgxA
2712,K5kEOnBu2rP2I6vYefr7eg
2713,yDIP7hyLsN5hfpaicjHDSw
2714,4jvFXuAI5qyVX9NqwzstOg
2715,6WS7rfA2SR_1QuOYAMn-_g
2716,jtkBfoit7ERfu5VhyDSXMA
2717,ONo0ffn10iZQfRk0ZgK8pQ
2718,R-TFTJRdHz-DcD3gZp1Hug
2719,Z-NObtOLb_OZVQghuWLIjg
2720,YiLiFhygg9LH9zPVnE8rhw
2721,VUH9DtK5G1zvgpkNpp58gg
2722,fSIcJwQ4WHEdGsoJZUFWaA
2723,zZa97BzWycfICdtLI4biLA
2724,zMdK0g5GzFb7Rh2ilABuYw
2725,zXR9WUVpo-PF8xH5SmQ_xA
2726,KmyX1KbruDX8vp8089PNtw
2727,p7AfilLew1uCvRJJgoLjGA
2728,LtVNfXBl5y36wtvImEx8AQ
2729,A12md0ltguscX-nDfpHsdA
2730,hssvkz5jKQFwEGAJoFc89w
2731,ITZ524XbWUHWG54Qb6qe-A
2732,d4U4Z-htNfatQtn0hP0fLQ
2733,h4yTTJrFfljEEZbd3JoCFg
2734,qNyriC-A9t04mSSbISxJww
2735,nVkWHJB5Vajy_6pGOVyXZw
2736,Dl-IjhyLyB16dXo_1cqH5Q
2737,eGae5hV6GUqyOjEyTU6jsA
2738,FWi8xLHS62E-pwE6G0qi2g
2739,_tBkysAUsKNoki7Gmvi1ug
2740,YV0xf5UUqr3z-cJJr9K3-Q
2741,CuaZCAmWy1h7DuYfEG3lpQ
2742,ePaWyb_y3GTemwNsjZFsxw
2743,ChpD84anxG4iqE81q27R3g
2744,141RZw5r7oHtcGa-A-R_cw
2745,OZwd3FuSzwznTwS0q24_FA
2746,dRKnNIbkEUutGPAFrOmVSQ
2747,Sw5bw-nBXEx8u0QH9wxqkw
2748,JNP0VPmNlv2BicxxR-JQuA
2749,ukJSABWlLXj7r9dxOgCOOw
2750,y-hCSgYyhW1qRkZVVg2QYA
2751,beNXco_KNCntUOIktddb9g
2752,QKhSJmUBku9H0D83b1Ke8g
2753,19gGxL5cofD_CsA_3vOPKg
2754,OlsavX2ATv2RIkiFCm9eww
2755,afcG8UZFuYBE3ngb5AJHgA
2756,np2PkGd-AEAJfQjsgzmi6Q
2757,SDl0-kb2F71pQTnbTyZGLg
2758,Hl3_nveesOGXC_djnfueMg
2759,z9cs5JND4cHsOsE8wn0VsQ
2760,40Huf81osFrSAnnQncZMeg
2761,rjtX4T3DwAQqprRg8TXaLw
2762,b88myMjjsHTzWzI70B2gTA
2763,XYQufUu17LkxvZslsp0fbg
2764,k6FJNBFM45rWz7JnPIlFUQ
2765,GuZ1oamF-d5f8UqMXVfvug
2766,bzCGwTTVHXNfi_Y5bm1chQ
2767,CS7rCi73OoxRw9JfUMKBwA
2768,xix1p_uf-4Hgn5AmRPg8FQ
2769,8nMjnNkEc5tSwaEXNdanYA
2770,9IuBO-5ypl0gaJOycRHATw
2771,KqaqSncgHpzJRRWF4yyIYg
2772,cg8IJAh4ne4plLsACrZIWw
2773,6UHWPb1ee_J8eL1UtV-aEQ
2774,qwiUo0-O8DiAO_yIiCSoPg
2775,nU6NYPaRGdnW0eEKTbW-_A
2776,diopec3o5EgN8IRgu0b43Q
2777,8_S5aWubnOoukcuElJv4mg
2778,yNYHHDrkqOALHJtEJLtwUQ
2779,hAApV4VhHxKWvgB7YVSx0A
2780,u5TtuCL76tHkB9-gaeBnTA
2781,g3E4TOWvT0h_HnLa64yyXA
2782,rDASIMURyq5ac1C62B74Fw
2783,4U93OkzyGwC0TCtEZCv7dw
2784,EP1B17h53eczD75uQvKpMg
2785,QJKgasW7rzfMVAy6T7V-OQ
2786,7WboUa6eB6sZvcRF57R4lg
2787,aIKF0TKaqSLaj3H8dF59pQ
2788,t-cM-sIkmJKO_9RZDARusA
2789,dPWG9C1_aJOM93PFl3tH3g
2790,Rbcb8yJ8_uqnxACZ991cQg
2791,H2y0DCskC-f-2AiKLMxafQ
2792,Hsglj_PHwDIk9PCwzJsVng
2793,guIvTBHp1oxs76q44qQ9Pg
2794,ZVcRGw0K83Ihvq191fnD9Q
2795,pcsqp26PxSlku9v0EMvhXQ
2796,l602ceOrTAkcAnmT9GA7Tg
2797,QWoHG5ttj3cLuSVJ6LnkPg
2798,A6O17tPHXCXUnuxaGXuiaQ
2799,vXoxqUFD5-eAGfz8CXMFNw
2800,1_hLQFlNOOjNy-5WVyJwdQ
2801,InQ60grneWNOCcsRT-Ysaw
2802,pZVRjeHWKYwmwyKKn512vg
2803,YpyXBJA8L1tmf7RKhtTD4Q
2804,xRZPiQQGkxpXCiGRwQA7nA
2805,ZYAA7lfoMwkiSetiAHUpCQ
2806,y-VhaTDPjOqvcDBJpscN8Q
2807,LCf2uIFzWBtXyBQCaEW22g
2808,B1ZSw4L_KX_mXioyjEMfiw
2809,erUNWz_bv0mOYMmU8cyjGg
2810,c3kTeGBqM38odWsvni60rw
2811,o8E4YE12X7srIDMy4G_07g
2812,8nRVcrTjHHxxO7T6mvCiGA
2813,jpFmwHNrZkKEOX1M_S9SBw
2814,GCAyNEQ6_MafAeGm8KXGaQ
2815,AW2PzJp_oxpwsr3Owt0ruw
2816,HF8c5Gg-lBVyG4LG-T0tag
2817,1yNJy2fxEF__dKFEYgTcFg
2818,PuB3jcwahtAkxQZy6f-D1A
2819,fwxjihKC-MwPfDEjq1OHZw
2820,oPtxTqgdPfShE9vrFszCig
2821,fdKc0duIwfr0ccGNJEYYvA
2822,DUdKkpdfEkaHHx9o6PT5sQ
2823,Re9SvZFTFNP10jfgvKI7VQ
2824,dRIhp2-yRRwZsEPd-OHY8A
2825,t58gq-aWpvPmVOrHlcgGIg
2826,nWot1Aimd9lEEflaR0YGgg
2827,ApUjxhOGW6J0Ka1p02X2KA
2828,QRKbfnwa4VtiaU2pUeFLRg
2829,HwV8GG9ws_U-rKYVcTjQ2A
2830,8tSY_sLo3-MdyRJ6thmuiw
2831,tp0mLDrvoisNrmolmZiVow
2832,3IjeSGXySMdp8bmpWCe_rA
2833,Bd_TreWDxPlewyo4T46n2g
2834,nlP2KGtfODojN_UtV1HkIg
2835,fCtJLhCiCNx6r_Ly9t6dCg
2836,mPoG-nf5jjOE2H0A2JSX7w
2837,8nGYkYkNEdrvt4RFtBhvuw
2838,65XO1RaV9N8YC-Ji_2x3Eg
2839,IAg85irUUlzvClm1qryQCw
2840,KRIaEUoIK1bMUJg8u1E75Q
2841,jfY2Xg5y3sXkS4RZU05s5Q
2842,5tUvkZKVxtKu7FkxPxLM8A
2843,fEp9_SN7PrnIMUkzcM2hAg
2844,9Nf3YTiypM1gG_QE_b81Kg
2845,APkUk3cAyw0VMrmelknW0A
2846,nI2gpx1BkOc69sfzB8eUuw
2847,B8eoxbgP8eppMV_os-XDMQ
2848,jXeVBenJoyfwtXwIsyvgvg
2849,cXpQJiyJirHfnbbFscPmhw
2850,NyQYqcf1JNKurWQfzpvILQ
2851,rEIpUO7frpsiI21NDA4agQ
2852,Ev3QnBEllz77G-yZA4bDDg
2853,jRE_OFEa8dmp2S25x-fgbw
2854,HXuq9fAMq6RBRUov0opSdw
2855,B-0Bv6OaLnpma9-Di-H-ig
2856,uAEzkAtXkptEG6ZppeItqw
2857,xQWfaN75HU8tGuTV5GjLZw
2858,qyHQLnmzuE_GJakZa-eDyw
2859,OFcm5X3ppaZuunHhf7J9_g
2860,skNHzBMqkvE5eTYXoXikzw
2861,sUe-eEYCm8oo7w3EAD_OTw
2862,-qZx2Kvl_quIQqk_XQPfbA
2863,0pwlo4P6QdkLVoHnIGh3hA
2864,poWhpKF-SJK-Ipg9i_fOxQ
2865,krnqEmx5JJLc_0Q_RI2H9g
2866,ukWmqiBsWnLz3q1C2nF7vg
2867,OiWGQFQ2kyRpZFdgwygnmg
2868,xz0_RIIeBSCMGqGzS8FX7g
2869,lRwrll8csNpnfOzKpgQppg
2870,0wKBViCpL-vFtzePIFIDDA
2871,ZD-BYDaCfUaKp3riMp20aw
2872,DK8sU3C_26pgG6g70nDqIA
2873,CuOXOs2rtytWDWqLVQnZOg
2874,DQbTJ-_0kbMadHRIAJ7GvA
2875,_GL6DHtUPgd12k4iqcGSmA
2876,Eng_aff0ZBcIxE4-z2cdcw
2877,TDP5xIn4bbrQGWyaxcFazg
2878,HlpH-gyLfsb-2wyFe52q-Q
2879,QdmrJtH3D5Ddo1IHLTF5tQ
2880,R9KYX0aK9lmBMzMgIxhRwg
2881,xu2tPKCngQWqEXkmuIz50w
2882,rw9s46K4SMN2kpq4naDtbw
2883,AWZPOlgB9N7KY-Jbd63g2w
2884,GVih-VIOvLTvG9mPDNN__Q
2885,DJvgODN__qe-xPnWdD99hw
2886,1eLNKs-_zTQhEKZulM0ocw
2887,yRYx9A-pwXT2guP3xgqFqw
2888,9JHFLbYBadR-eFY2SomGgg
2889,BwwND2AYfYkXkjYXMHb6yA
2890,TH8fAgthGkpAHR5WZKnKTw
2891,vlAXNbATEK2llSmW7ctgxg
2892,p6cNlPGmb6ygwiVOMU72DQ
2893,xih0jbp-z0N_PYkvH0ICDA
2894,Mhn-ada0J_YzAq9DLUPK8A
2895,jpqTB0UZyHgwhmWBdcNljQ
2896,mOy9Ov5gDzfQk2ymOTr75w
2897,UHzzjmRZHQQvnZ69SshH0A
2898,Y15bROZUX0SkAuJns4TBCA
2899,laFXB0OOtWthvjuvgpT3nw
2900,nlNZa58blJ7YXW2rPxTU_A
2901,zN4WAqxURH-CXRejFp9E6w
2902,50g3dxL-1Lltq5OCdsdHIg
2903,-8OSbdGPXUDkg8NI6N0lZA
2904,YbSIkCwh_GeeCeaTLNc0ZQ
2905,KoRe1vxuFvrn-mjo66mwLw
2906,OvS1mJROcz94TiGP_j3cFw
2907,k7oIJ4dgIRNVv6fltRvZJw
2908,Ub6TPFp2wcijnyiXGMgIOA
2909,u4VC83SV8TFemdXcQHp-ng
2910,NBjJVvlr7Lm7kFwAK8f9Fw
2911,l_mkUT8tJBlP1qAHzq0yJQ
2912,c2BiH1xDuRK6mABULGfLUw
2913,7knbXd2GdtA8CeH1_IR8Kw
2914,3Kdqn_LEC9YORjTDg90fXg
2915,67X8n6fZljnsAUxcoVTsOw
2916,j5YTsjNl8_HTUQ6laxRepw
2917,JnmRYpMIo6dXQj_Q4MEG9A
2918,I7JXq7-YTcr7vAOtswMlag
2919,Y96UWUgPk07jjP-_dyu0ZA
2920,4KWcSe7p5qUIabx7f0Yu9w
2921,h28kh9wDIgae7SBoOGuy6w
2922,kgtI2hw3OIzFH--sE_y6cg
2923,B8Cu5uKJsZ5ITANaON3RrQ
2924,Ys7qsX_8qR7i37uwit9LzQ
2925,4CNIZEC2WQ4CYfRwwDtbtg
2926,y9RbHzPNqIgMk2AHJW_QXg
2927,nti9NfYnX1UOSMo6kbdbXg
2928,zxy_tguPbPAsjrPgnULqMA
2929,lHHQuo2CgetoockgS6WrSg
2930,oZTIr0ND8cA2qULaLcZKOQ
2931,bgGDY28UvkfJE0pHrmoIyQ
2932,B2L5MqPoo8G54AJkdJaBOA
2933,jR8Xd6jvGj_eS-uwy1uTuA
2934,7ncMfsShMgs4a4w6bZinFw
2935,klFSo6i633xl9tLU5Q8pqA
2936,D0qFbcTbX2AuIKZus9zSLg
2937,dTpyszCle1E7vBVOBmEcYQ
2938,E1CaPQZKvHAJdnfoMi5t4g
2939,keJFb7HFUvWScipmQLerjQ
2940,7uFEC7QWRDlELzk0q4ke4A
2941,WKnh0ysLus8EuS7dOsn8DA
2942,0Omz6epKqX2py53P2VAmqQ
2943,UHwofozDYi6V-jipZu5bfA
2944,kyWwrXSJukEEIycng9FSGw
2945,VhhEhn4XlaxmRPkuL3Wq0w
2946,8G50En0y11DGeSAUV06Uyg
2947,BoaNFfrGo4UVPmYKeXPP1Q
2948,8jEpI89g4Yk-a0OG4l6LAw
2949,w2hxiODWDQDkNTyGsI_RUg
2950,aWL7nZKjYjN83nQqe_BF5g
2951,Lw3gSxm2eettIC4tvU16sQ
2952,p51UIGJYGMLBBxpc9a6p3Q
2953,aicLm_BBjITnd5Na3h0zjg
2954,0Q0NwPdnpvHuaj3_-3_rBw
2955,tPM1uSIZCiMsG3DiCBiXMQ
2956,Du-FwtPN4oSdTIqsg4GEMg
2957,pzn5rfoTCUxIYbvxM_ndlw
2958,dlOo5l55jxrEM4BraHlTLg
2959,-Q9Npsm2YDggz5U7rvctaA
2960,DPrZJeLvFHECDFonEb3x1A
2961,I5_zftuvG90hxAC_pqIbfw
2962,m6PK-qQiu3WKp5HlYh5bKQ
2963,sCpVfSc9_4qewRYG6YHxbw
2964,mN4Juu_rVp1ccalbeYeHiA
2965,5JmhoKhGFb0w4_Pp9lIJew
2966,xmXFn-MPVR4O23uzGhJ1DA
2967,eCuoZK0tK5MxYNpATdRajg
2968,wpu6Azo3HKionvJzK4GqcQ
2969,6BOH9Zb8IQ4ksrg6gwAbIw
2970,iXnB5jI6x3ChN6HCSJ5-Aw
2971,lI7YrwtT8JtuSCl6UftVJA
2972,2CF_1eTQsOqTSOYQAEFqvg
2973,3l4_V3Psy3arVttiWgDG_A
2974,C4BZwdjRi_Awa0_kt9oWHg
2975,BETonNRVKDiyykNw7o69xA
2976,AiHGIDDahvhe_X7hdJwK6A
2977,gB8rIfYW8Cu30ENjUfRxBw
2978,ZGt1wBkqM14vUYqWlGMxqQ
2979,XyigSRCVBvYcYptKQcCtiw
2980,SweYfDqd9fDJI1KPZU9dLg
2981,fZvwGkzzxNqJQI-_BCFHWw
2982,Ju6A1Q9-amuOoiNWa4wo6Q
2983,cmXLGr_s4Kh2bfdoacfi9Q
2984,fTj5Jz_YZ4HJPu5WgFRE_w
2985,SuXOQHZkx43KRTpf319sNA
2986,1k8KYnaMIkjjhnssqGsudw
2987,v_4tWDcW4j1JP5fsEsg37g
2988,JbFy-NNlyBgbu9RzmNYtLQ
2989,4NMzfSkWKJapdXpgSCdECg
2990,MQDgAHs54RWnz1r1ksM_Cw
2991,RhEsncyHehxN_F_CBdpLzg
2992,eoQ0iRrZa4VHCBLTBZUsgA
2993,eJN1U2nvtaERIbgDDJd8Vg
2994,cvBX2WbAXU4Wd5fXZeILXQ
2995,FvOkoedgwtDJjOkuRWeLjg
2996,11uILHx9J5JsDd_Yj3-nrA
2997,P0piW7FOwGA7XXSM0nDpOA
2998,JKtBgAO3QlgkfhuH07mVXg
2999,y_HkEyYsvC5gnjEN2r3clA
3000,0zyYABvKr16SIk8-LzRPQw
3001,QuwOTPoKzGwNMCvcXJLfIQ
3002,8iEVJYVTALivGB837DKobg
3003,55fxb8BJnQPU936qwIKykg
3004,QVjchABWbfnMD8cnvtk8RA
3005,ByjbhgTH5IUEeHCUrgR9yw
3006,UUW5S-tHTWjLmTixQmiA2g
3007,E-j2e5tj099h9UxH4LPY-w
3008,PsiGV2UhlRUCrMjYcsLl7g
3009,axh7SNZl4nKehq5VOTy4WQ
3010,fbIbhvvLSHpTqjdSFSGrlA
3011,nqXjWsxzS08E-81vAAj50Q
3012,f5qS9i2GayB_379LTNNErg
3013,fdK61p5slxipkWMF7FLifw
3014,MPslQ3IxFCvJ157BXuwXGA
3015,kFgZU_gT1TvaPSCkYyf1Sg
3016,p6_3il2pwzK8IOQXO2InDA
3017,t4KylWDIDfLZAXgn1ivGog
3018,lBvbFqiBamDNYv-hlVJ1kQ
3019,KBtsJNRS7WpuTlS8JTUncw
3020,fIfjd8f7Xi7DStb5GdJQog
3021,VXl8mfkT906XfsMw3-Ct9Q
3022,-C-eTa4gT0X7Bt8rXTsz1A
3023,q9bENF4-kLxRML1PObNscg
3024,Ag4g3sQynrz-SMe1dcyF5g
3025,9qjBHiiVZQElk8uuHUY9PQ
3026,XPLru2l5Dkk7hTtUFZOVEQ
3027,etAKBzH7AcX4w1WYPFEXeQ
3028,8uK7RBxZxSseAxanb-BhUA
3029,6omMF5aEC33HgvAAZ5cGbg
3030,Qv2aPHBh9gHSN1FBsyZbWg
3031,lrcgYM3qDFS9zF-dWH0JcQ
3032,WQTs7LeEiXWCdR7G8uz2ew
3033,9J52c4FXnzkNTJHMGHkCrg
3034,tfVEGF3pUbByIo4t3iyhcA
3035,0fem_WQcDf1A-6KpuKQngg
3036,rvJPjjWq5yEi7RNhgC1Q6w
3037,iMqW4Mkl1CbFtq81ty2EPQ
3038,rVnY7LkVgtVyXcyQ7Dzx2Q
3039,x-cmmpfFaVnT-nCd1RoQLQ
3040,pufz9d2tJvKvUT4IxRrVhg
3041,jzP1EDY3shoD-SH2yUtOIg
3042,-oHUXBPtf91dhYGy8MLwuA
3043,M9PtrVXjXgKOobDJaXo3tg
3044,b6BvPbLZNFifY1qlEhPCAw
3045,zViDq-RbKF6lOtZDdiDRcw
3046,7YcvRflY4Z2f8FdcZY6vWw
3047,-NZhKP_23C4nhKFBGc8Agg
3048,gQZS8WjhRErASI8hcj-xHw
3049,TwH3GJIsN-JQiBR8HGDpWQ
3050,BkO-H4_A8NhXz912nI148Q
3051,CK39PsAsLIDlgAqxqloGsA
3052,hjcM4W6vbEpiW3jdBmIE6Q
3053,-ibQywC1gy8_NdcDIKh9GQ
3054,x0_A9oNbRYNgUFmQ1Ne2iA
3055,v_D70imXEgmouPLW1yvpzg
3056,L7jP0yIQcgi9nMDdnZd3qA
3057,VxQ1g4DBfguuI72hz2desA
3058,wxqI0LWuHh0z-qg6jIaKvQ
3059,nJ31LKGa6y3Z8vgZr5-DMw
3060,dNtAne0swKXEjXn9D8icfQ
3061,lJ4_c6JIdRFXprFsSzftdQ
3062,hD-uGdPpzrJz2EA4uiDuIQ
3063,v9CVo1RRJ4-mHoxCuWSEfw
3064,7E_bKAdn_HqRgoOT_RrOIg
3065,P5YWS9hdEWjES4-KyBxNqw
3066,yyEUkjCTC-kQN8Cm_lyEbg
3067,ILqGAABYPABjjM832eoCdw
3068,drA-GxSBKzPMx4VjfAMd1w
3069,6KXjgCA5Ym8tODsUsdmvAQ
3070,x0pnQA8l02BHUC49lkV1cA
3071,TI5mg9fDWLjt8G7Wo42U6A
3072,v_ikSpaX5GdneWOwF1wO1g
3073,RE2wVlRh04Np0n4Kt5PVRg
3074,reHCnKSKrq32KkcPMRttUg
3075,o1igC3dJNbb3tziFjxHvjA
3076,_c7vrEqEGfWKkhXMNZNGXA
3077,2nA6hy0jILw6FsUs5XXJWg
3078,V0iK8NaEZdcT50J66E3PtA
3079,eIRdDQHmiCHLOn-XtRYcOg
3080,YLbyQxLoauP98u8mZ9ezkg
3081,ELp2xmt7Yu2-BNn5t41KyA
3082,QT35FEOXWoeSURl4WBNm_Q
3083,i9m-u0nDFLDuZR0pKQ6C6A
3084,VrPmHRvVXIMXygmF6FK9Ww
3085,TkwbYc_lS-wpaVqMykCxLQ
3086,KacjXtqXE0pH-aLT8rA25Q
3087,dG6id546XTAHqAt7vxYLUg
3088,ZEj0nVt7DXRv_kwJas_ilA
3089,-kHm3o9J0b1dO1E0ypJjHQ
3090,M7Dnza2dI1lVQjEIAjiFwQ
3091,WgBpGcBfXdxGVnLPwuL8XA
3092,lzQb54_a6dhaHzLHA1d_fw
3093,h5Sit1xoyAlbUGLZIMF2_w
3094,qiyPW4akcb2vASpfMwXUBw
3095,Tx0rMHLcKI7IgWrLUaGPxg
3096,LfQecSESeiwFFTvrPgM85w
3097,RFByQoL-UF7OTf77M81oPg
3098,cx2RZZpDML6-Q6vQ0EumWQ
3099,qLaOVmMcQqk_em5ZVr8qYg
3100,N8pLxhzCzsvdK2dFu5ImEA
3101,j9Qadeu9z3bqJ2_UKtX2xw
3102,ju7s2Ema8xEuXD5m6-XuRw
3103,l0TBtmYbNDCYWm9kQkT0Kg
3104,bhbhK7N8fyhtwNswl_bS0w
3105,QFAZzMe2FssJ7w8Tdkovsw
3106,rEcvDTQvd-IdoYPFWv-aMg
3107,BVxlrYWgmi-8TPGMe6CTpg
3108,FZnhYyA9tCJnfqfbWYKGQQ
3109,5SGCEovPpcEZgU-sr7Tqog
3110,8C-nkcmC9WZWVYDQKmJHmg
3111,1hIxn8IpLTjXX8ogsO67bA
3112,wWZRnl2yo-rJKmfnxMQQGg
3113,y9bh4lBIELCGPZgatRdDvw
3114,BAEannNt6G5K6eE2uKNOGw
3115,QSKwZM0K_0CaFs65tkksjg
3116,r6vnnS_rSRS0W2-QR8VcMQ
3117,GZcvCZlbdHai7N5EUElt5A
3118,YRLQLyBQEEd3zoljhXPMIw
3119,lN0CfjF8v8ssyVDNZBLFSw
3120,UFdWsJOT3Zzy4AxFXavgqg
3121,vzUHJ0SjUIv15gA1z-1rrQ
3122,UQrB2DkbyzPPwzbeRIWWYw
3123,xdWxtoRpag86Wuz0sUVL5g
3124,6HXdISwxRUz3A0rGnGAjtQ
3125,ZIcGm6EGnYQckTPISUGkWA
3126,vR-tUeGPkB3F9OGcRYpEZg
3127,UeiYb_50xsoluLMsb_pPTw
3128,NbuWKPTElcg7ecw6AZ72sw
3129,IKBh9sE4xEdMGcsAsxcTCw
3130,gCHHZCnX2x1tmitjwlj6uA
3131,3ikkGPdcZMkiboPmIc1Evg
3132,iXEBzVTv1XueUHx-QayXTQ
3133,e0JASDXp7rFHQKWwKf4IWA
3134,Ym_tcWP7kAQ_0u_gsjTUQQ
3135,UtNk5sxV2AOlL4BrxO_VJA
3136,87dkHRsFwRO2enM72xNZfA
3137,uUxRmMIwkQP_EDsDS82Nwg
3138,DtbHHFk6sBFIX6b_VM6OcQ
3139,_uh8g9rh4MtVEOnCEbqwnA
3140,vTnjqAlCJr5gFz1yHC96EQ
3141,wrGbP-aHsW7AcRZLYgX1QQ
3142,wqnRD28Z7umcCrTEBHnaNQ
3143,OGABrBa2EPEn2ISo1uDUJw
3144,scMlIgs_MVRt-qLhsWeCVw
3145,wGIh2lR9WdVhLaTVuTv2Uw
3146,Hp0LU4_UWkoHLghtkfp8BQ
3147,YhDgjI3JK1FS7Xe8sE3WNA
3148,ZtU-DPPVuvGOOa3hJMgOwQ
3149,rxzclM3gLlWvE3SvwKCJDA
3150,ZzVC4zn3RfxplxHikDyVFA
3151,uBOh3YJmG-BDXF_HkedAIw
3152,V4QeWvNpS9NIBXjS5U4sRQ
3153,JSIqLdc3VCbKunYhPFScAg
3154,cC00QU_zRQD7mrcs1r9CGw
3155,lwM1bditFeA2DF_-Z9Sxxw
3156,b27eCZ9t0Xpwelh6x77zqw
3157,6YdMVTb8iEDa2gcDDATntA
3158,j5xVyBcPdzfV4-akxiG7Bw
3159,Y5ufskys7E8xwviKNQ5NaA
3160,d6JW1GWWoQLluVGciWBliw
3161,irEJZP1Dc9T4wOqllGXdnw
3162,snlM9-iv-hIGNwC7jrJYEA
3163,hPjAh49VWPIFEH3Aj40OWw
3164,FiJgLw77W7zX6VQHzkvU-Q
3165,m7LqWH65SKctxnQIypcIxw
3166,r32I8BU6x7Y4c_wcx3SMBw
3167,b8JgIFxDXgzKAkgx8WcGig
3168,eixmo00M4t9DcbrOXoLWNw
3169,bleWUaznaIwkfYjDmR0NzQ
3170,zqtPYRJ_RgqCNL_naHQGnw
3171,YcWqhpfB6LZ4-LI7_KQP4Q
3172,UzW6RR0eSbequ6jAo6vA8w
3173,w_0qUfVIr4cc2QSu-Ki9sw
3174,v0c8F5Shjfz_ID_tnWJpJA
3175,J9Ql2xq1qfXGmu7bk2eTvA
3176,yiSvH74XsCeaAGtYWBUOTQ
3177,X214X63vsmaKcYJQkI8C4w
3178,zsxADzlI8x2gOOED-etOyQ
3179,3vYlr-ba-rv_h9coQbb6yQ
3180,3iEYvXVjz35-B8kZ5NF0ZQ
3181,nMAmp9sFyh-IVy5kgy3w1w
3182,Gw-sWXUHk2xNXXGzbc0Adw
3183,HU2Gdkeday27xxh4c1NrUQ
3184,CDqV6krnQE5uEdGtsm2i4g
3185,9HKkqqfMk5XYdFzqCqLJ9g
3186,Z3N4FS9HTEub26Swh6E2Og
3187,SrcJ9L3jOR36xP13-RXXcQ
3188,rTDftByMR92_33hy5PK9fA
3189,NHke_s0BtTvv_IKGMeBklw
3190,rSDZgUHjxR6reuoVFOfWRQ
3191,LEJ4RUkHgv1-uKZ_x-_wnw
3192,Q01nFcoKsr0EDDoft73pvw
3193,xScm9yRer2EOUU5x41yhrg
3194,UzBPbO6VoDOdeUEpePEGQw
3195,AhCX41du5KAIaoV65U3Pkw
3196,67KjBC7FW7KoLj_O4Dg6sg
3197,VuY2zLt3DXZyAC0fEvg6HQ
3198,l0QRIBo04g0earg45xWmKg
3199,__Tu7kei5ow8DFjtYdSXug
3200,JHnSGf3qlksmmyWGl32RbA
3201,ZZ50W3EB-dHgpz_Mraa2uw
3202,JiK1wCmysWzYiMf6FpoHtw
3203,HGcA9ltSB2CcRHXg82kT6g
3204,Ypa20lbDdaMTdA2SRrL_kg
3205,Vp9BCqWwUXyS8Cqw5sJtCA
3206,yA3hIeC8s7t2IH_FKIZBgg
3207,k2XjKvaLoJjH8YLag-zIfg
3208,8VoH0ASZ4RkM2FUHDjdDLg
3209,GLgleNkVoCOnFppxVvdzUQ
3210,fEs46MBAHTkcjZ5UErJikA
3211,1bxu8TUE8g9tS_Hko8jfLQ
3212,OPGNBTFNDhtLUyDaxQwpJQ
3213,evfsg7FxL9eAC9KoeXTtNA
3214,nrgOEj4HvyGLM7WWeK1GsQ
3215,MlInwgqZckIAH-s442KmuA
3216,Lg2T_ExJ4KcqnTlxZgkRKQ
3217,lnalwQt8yttVgjS6IAVGQg
3218,wEXsUG_F0u3G1xt-A7lNdg
3219,MBgcvyZuDlKpNgFSxyXpaA
3220,1OuEfF4qB_sBv3RfabrvrA
3221,WBaii2O_C4f8swcmD6qAIg
3222,kCl8sP2SKPgdzJwqBHODhw
3223,JzgUl2meOhXcAmWfb28C2w
3224,wraxxgwY15TeP04Gi9cUGQ
3225,Oz5wP5rjUh00RMrvsKcg_A
3226,fDd98vE-JC-TiU_AScoeBQ
3227,ug3VPl7gLekLaNehzwvxPA
3228,pa9yVSwr9lCajFzZAX_rPQ
3229,dr26mA5oXzOg5zFICA76KA
3230,lCe08q_wqyDVZyjA-V0voQ
3231,JSZJBRzzx0kZ41da17bxFA
3232,3pa2GMSECbVpKm3qUMIe1w
3233,UF71-CUjMnIeyvLSWd-ctA
3234,gokMmYskc5g_CHYn1wYTgQ
3235,SzrOPlW4u7iZKu65JrDp7g
3236,8Q-k2SYQysny836_vpMiKw
3237,qaC7fZUzCMx7A9LO-6cA7A
3238,fM0yF7zFuDJ2SEAX74CLLw
3239,TrznIBk8UDlgwM0BwEEP6w
3240,ZAJvgvIpR-oSFEgb491hTw
3241,vh9keka6y4aG-RjIqig6Dg
3242,fuR3Gr6nWY2VRsb36220sA
3243,VrBeSZMN9XvcsL6MVVXsaQ
3244,fe617jP0wtZcY27_46l-MQ
3245,n-9SC4TPU3jX0ocVoIgN_g
3246,JDaVLpgwJqE8Zro4ToFFwA
3247,X5eQgeHUCqxlhVXAw6VlGw
3248,Hjajh4Xfz8hR9KlI3Dkahg
3249,3Oob5rDj5LfYhBtlLIic-w
3250,Wb_dWZX9ZzMAT2yjMdtKdg
3251,ltYNCJOZ8Vb1uS9UCwrWsQ
3252,F41hN8s2ZKO55-H3GySy6w
3253,BDDILH4fW5F-r0plzXKcHQ
3254,lvA4PSsnp4Z5df6Zc7hjnA
3255,XfIiUmRGT7xzSrvWY-NO7g
3256,E7H9yWX8jPx_NZBhh8bNng
3257,jWTVdi-1Ia1DwI-Rx5ti_Q
3258,44HpnhfDtSL5kRNaypBZqQ
3259,Ng3dilFR-hmgUqtBx1oJoQ
3260,lTsRBIcernRcCkSFy4of3w
3261,R6Cf9XGBqpqFzGYFrS_G6A
3262,YLYsWocjX0CJdDKBdpPkRA
3263,fCVQF1OvNribxKzMzsjujQ
3264,Q5ZaHKunlrYft4pIJnhLNA
3265,l8jKzVUxdcEUb7jujxv9EQ
3266,QhW7xx5uAeOpROVrDHP3fA
3267,huGygnl_6FDCvdregRBRqw
3268,Wmjkfk_sd8ia6rE-hc5DEg
3269,BMJUNKKN1jhyfBYg8uHZ6Q
3270,rTQhmlviQ_K_whizNeFfcQ
3271,UbOZRZu9bF22LwFHsJbqzA
3272,bLQQk2vzIiODHiB4I4TOjw
3273,af9ge1P4IsPNumEfofcNrg
3274,J2KlIlNZ2ViYzOecomWtOQ
3275,fjLtFgax86w8FZbY7lM9uQ
3276,V68IQZBVKGzaxIfvUBUDpQ
3277,6XSIzwQ89cLRPVcPHaQG1A
3278,7n2t30IGa9cWFoCtkp09Aw
3279,tty-n-NnU7JlVphAc8ldGg
3280,5afFeYfkUwj52_qHjdTRAw
3281,iGIBa1XWoTHD6KkvNCZrAQ
3282,nCEazdbpYn9E5o1LpHuh8A
3283,ASxAEO6r1GnvCMuKvDLXPg
3284,kQRoeFCsIIZIv7dyF6i9kg
3285,m0X6tITA6Y_oruxDYUiUig
3286,sUluGQJgcBxu9lqBO_2iYA
3287,ajiKeuI7tt_czu5DhhcrxQ
3288,OYpg1BYGL5EP-v6_uhK6nQ
3289,OTcP5Y8eGfCGiLH53OJOdg
3290,4k6NAiCctOrENYW0MzRC2A
3291,f_ClO-HzRBOEaArFnHEWIQ
3292,TgzHjuDFTH9s31y0p2cp0A
3293,byyudwJFYCcxK-s2Q7vgYA
3294,fKhEMVq2xmsyIGMF-i9i4w
3295,mILWoahc7G29kTlWHcZpXg
3296,HuLzZUBkHEcHk6ETDJIVhQ
